Time,City,Temperature (°C),Rainfall (mm),Humidity (%),Indoor Humidity (%),Pressure (mb),Cloudiness (%),Visibility (km),AQI,Air Status,PM2 Status,PM2 Index,PM2 Density (µg/m³),PM10 Status,PM10 Index,PM10 Density (µg/m³),SO2 Status,SO2 Index,SO2 Density (µg/m³),NO2 Status,NO2 Index,NO2 Density (µg/m³)
2024-06-07,An Giang,33.143,7.229,59.143,59.143,1008.429,80.429,24.0,29.857,Fair,Fair,29.857,8.143,Fair,21.714,16.714,Excellent,12.571,37.714,Excellent,6.571,3.429
2024-06-07,Bà Rịa - Vũng Tàu,32.2,27.02,71.0,71.0,1008.0,76.0,24.0,33.6,Fair,Fair,33.6,9.4,Fair,23.2,18.2,Excellent,15.2,46.4,Excellent,6.2,6.0
2024-06-07,Bình Dương,34.0,17.7,58.857,58.857,1006.571,88.714,24.0,33.143,Fair,Fair,33.143,9.143,Fair,21.286,16.286,Excellent,11.857,34.857,Excellent,9.714,6.286
2024-06-07,Bình Phước,30.9,5.38,68.5,68.5,1009.3,82.8,23.7,32.7,Fair,Fair,32.7,9.3,Fair,20.5,15.5,Excellent,12.7,37.8,Excellent,7.1,4.3
2024-06-07,Bình Thuận,31.714,4.39,65.048,65.048,1009.286,82.714,24.0,39.048,Fair,Fair,39.048,11.524,Fair,26.286,21.286,Excellent,17.333,51.571,Excellent,5.0,3.524
2024-06-07,Bình Định,30.286,0.75,71.929,71.929,1007.143,64.5,24.0,40.286,Fair,Fair,40.286,11.643,Fair,24.786,46.643,Fair,24.071,38.571,Excellent,3.286,1.571
2024-06-07,Bạc Liêu,33.0,7.4,60.0,60.0,1009.0,78.0,24.0,33.0,Fair,Fair,33.0,9.0,Fair,25.0,20.0,Excellent,16.0,47.0,Excellent,2.0,1.0
2024-06-07,Bắc Giang,31.0,12.4,79.0,79.0,1001.0,76.0,24.0,98.0,Poor,Poor,98.0,30.0,Fair,47.0,42.0,Fair,31.0,75.0,Fair,22.0,27.0
2024-06-07,Bắc Kạn,30.0,9.2,82.0,82.0,1007.0,4.0,13.0,13.0,Excellent,Excellent,13.0,37.0,Excellent,10.0,10.0,Excellent,9.0,4.0,Excellent,8.0,6.0
2024-06-07,Bắc Ninh,32.0,19.0,73.0,73.0,1001.0,91.0,24.0,78.0,Poor,Poor,78.0,23.0,Fair,39.0,34.0,Fair,27.0,69.0,Fair,23.0,31.0
2024-06-07,Bến Tre,33.0,32.0,58.0,58.0,1007.0,77.0,24.0,31.0,Fair,Fair,31.0,9.0,Fair,21.0,16.0,Excellent,14.0,41.0,Excellent,7.0,7.0
2024-06-07,Cao Bằng,30.0,4.5,74.0,74.0,1008.0,30.0,8.0,11.0,Excellent,Excellent,11.0,34.0,Excellent,8.0,2.0,Excellent,8.0,8.0,Excellent,7.0,3.0
2024-06-07,Cà Mau,32.0,2.1,64.0,64.0,1010.0,76.0,24.0,36.0,Fair,Fair,36.0,10.0,Fair,28.0,23.0,Excellent,16.0,47.0,Excellent,2.0,1.0
2024-06-07,Cần Thơ,33.0,13.0,62.0,62.0,1009.0,77.0,16.0,34.0,Fair,Fair,34.0,10.0,Fair,26.0,21.0,Excellent,15.0,45.0,Excellent,7.0,7.0
2024-06-07,Gia Lai,30.706,3.824,61.765,61.765,1009.235,62.765,24.0,34.941,Fair,Fair,34.941,9.941,Fair,20.118,15.353,Excellent,17.0,50.706,Excellent,4.176,2.412
2024-06-07,Hà Giang,29.0,3.0,81.0,81.0,1007.0,30.0,11.0,18.0,Excellent,Excellent,18.0,5.0,Excellent,14.0,42.0,Excellent,10.0,5.0,Excellent,9.0,7.0
2024-06-07,Hà Nam,30.5,7.75,80.5,80.5,1005.5,53.5,21.5,92.0,Poor,Poor,92.0,30.5,Poor,57.5,47.5,Fair,33.5,78.0,Fair,19.5,10.0
2024-06-07,Hà Nội,32.0,19.0,73.0,73.0,1002.0,91.0,24.0,78.0,Poor,Poor,78.0,23.0,Fair,39.0,34.0,Fair,27.0,69.0,Fair,23.0,31.0
2024-06-07,Hà Tĩnh,31.0,0.6,77.0,77.0,1006.0,50.0,24.0,29.0,Fair,Fair,29.0,8.0,Excellent,17.0,13.0,Excellent,12.0,35.0,Excellent,11.0,6.0
2024-06-07,Hòa Bình,30.0,2.6,83.0,83.0,1002.0,76.0,24.0,23.0,Fair,Fair,23.0,6.0,Excellent,16.0,48.0,Excellent,15.0,15.0,Excellent,11.0,8.0
2024-06-07,Hưng Yên,30.0,7.4,81.0,81.0,1005.0,31.0,24.0,64.0,Poor,Poor,64.0,19.0,Fair,34.0,29.0,Fair,24.0,65.0,Fair,21.0,11.0
2024-06-07,Hải Dương,31.0,12.4,79.0,79.0,1002.0,76.0,24.0,98.0,Poor,Poor,98.0,30.0,Fair,47.0,42.0,Fair,31.0,75.0,Fair,22.0,27.0
2024-06-07,Hải Phòng,29.0,12.9,85.0,85.0,1006.0,80.0,24.0,72.0,Poor,Poor,72.0,22.0,Fair,38.0,33.0,Fair,25.0,67.0,Excellent,19.0,19.0
2024-06-07,Hậu Giang,32.25,11.375,63.25,63.25,1009.0,76.25,22.0,31.0,Fair,Fair,31.0,8.75,Fair,22.25,17.25,Excellent,14.25,43.25,Excellent,4.75,4.5
2024-06-07,Hồ Chí Minh,27.0,9.9,100.0,95.0,1007.0,85.0,2.8,33.0,Fair,Fair,33.0,10.0,Fair,22.0,17.0,Excellent,12.0,36.0,Excellent,10.0,10.0
2024-06-07,Khánh Hòa,29.75,0.9,72.167,72.167,1008.5,46.167,22.667,41.333,Fair,Fair,41.333,12.167,Fair,27.25,22.25,Fair,21.0,61.167,Excellent,3.25,2.167
2024-06-07,Kiến Giang,31.857,2.8,71.143,71.143,1009.714,79.429,24.0,30.429,Fair,Fair,30.429,8.429,Fair,23.429,18.429,Excellent,13.571,41.143,Excellent,4.429,2.286
2024-06-07,Kon Tum,30.0,12.8,64.0,64.0,1010.0,100.0,24.0,34.0,Fair,Fair,34.0,10.0,Excellent,19.0,14.0,Excellent,16.0,48.0,Excellent,4.0,2.0
2024-06-07,Lai Châu,30.0,10.0,79.0,79.0,1006.0,85.0,10.0,7.0,Excellent,Excellent,7.0,5.0,Excellent,5.0,16.0,Excellent,3.0,1.0,Excellent,2.0,145.0
2024-06-07,Long An,32.9,10.76,61.4,61.4,1007.4,82.5,24.0,31.2,Fair,Fair,31.2,8.7,Fair,20.9,15.9,Excellent,12.4,36.8,Excellent,8.7,6.7
2024-06-07,Lào Cai,30.0,3.0,71.0,71.0,1006.0,76.0,19.0,11.0,Excellent,Excellent,11.0,33.0,Excellent,8.0,4.0,Excellent,5.0,1.0,Excellent,4.0,3.0
2024-06-07,Lâm Đồng,24.833,8.767,82.167,82.167,1010.833,72.0,20.0,40.167,Fair,Fair,40.167,11.833,Fair,25.333,20.333,Excellent,16.5,49.5,Excellent,4.333,2.333
2024-06-07,Lạng Sơn,28.0,12.8,77.0,77.0,1007.0,76.0,23.0,20.0,Fair,Fair,20.0,20.0,Excellent,17.0,50.0,Excellent,16.0,4.0,Excellent,13.0,7.0
2024-06-07,Nam Định,30.0,7.4,81.0,81.0,1005.0,31.0,24.0,64.0,Poor,Poor,64.0,19.0,Fair,34.0,29.0,Fair,24.0,65.0,Fair,21.0,11.0
2024-06-07,Nghệ An,30.379,4.821,76.69,76.69,1006.31,65.138,21.931,18.828,Excellent,Excellent,18.828,16.172,Excellent,11.448,20.345,Excellent,7.69,26.793,Excellent,5.207,54.103
2024-06-07,Ninh Bình,30.0,7.4,81.0,81.0,1005.0,31.0,24.0,64.0,Poor,Poor,64.0,19.0,Fair,34.0,29.0,Fair,24.0,65.0,Fair,21.0,11.0
2024-06-07,Ninh Thuận,28.6,2.68,81.0,81.0,1008.4,31.6,19.4,43.0,Fair,Fair,43.0,13.0,Fair,29.6,24.6,Fair,19.8,58.0,Excellent,4.0,4.0
2024-06-07,Phú Thọ,30.0,10.1,78.0,78.0,1002.0,31.0,21.0,77.0,Poor,Poor,77.0,23.0,Fair,41.0,36.0,Fair,37.0,82.0,Fair,20.0,10.0
2024-06-07,Phú Yên,31.75,0.85,68.875,68.875,1008.0,37.75,24.0,39.25,Fair,Fair,39.25,11.25,Fair,25.25,20.25,Fair,23.75,64.75,Excellent,3.0,1.5
2024-06-07,Quảng Bình,31.75,0.133,65.75,65.75,1006.333,34.667,24.0,19.75,Fair,Fair,19.75,22.833,Excellent,12.25,9.417,Excellent,8.917,18.833,Excellent,3.833,1.333
2024-06-07,Quảng Nam,30.188,4.8,69.875,69.875,1004.25,52.125,17.375,39.188,Fair,Fair,39.188,11.438,Fair,23.625,18.625,Fair,20.188,59.5,Excellent,6.625,6.625
2024-06-07,Quảng Ngãi,32.0,0.0,73.0,73.0,1007.0,30.0,16.0,41.0,Fair,Fair,41.0,12.0,Fair,24.0,66.0,Fair,24.0,19.0,Excellent,3.0,3.0
2024-06-07,Quảng Ninh,28.8,10.16,83.867,83.867,1006.0,78.733,21.6,42.667,Fair,Fair,42.667,15.133,Fair,23.333,25.267,Excellent,18.667,48.6,Excellent,11.133,35.467
2024-06-07,Quảng Trị,33.0,2.4,59.0,59.0,1007.0,76.0,24.0,10.0,Excellent,Excellent,10.0,28.0,Excellent,8.0,4.0,Excellent,8.0,6.0,Excellent,8.0,2.0
2024-06-07,Sóc Trăng,33.0,21.5,59.0,59.0,1009.0,85.0,24.0,31.0,Fair,Fair,31.0,9.0,Fair,23.0,18.0,Excellent,15.0,45.0,Excellent,5.0,5.0
2024-06-07,Sơn La,29.0,5.2,68.0,68.0,1006.0,10.0,18.0,5.0,Excellent,Excellent,5.0,16.0,Excellent,3.0,2.0,Excellent,2.0,1.0,Excellent,2.0,149.0
2024-06-07,Thanh Hóa,31.0,2.7,81.0,81.0,1005.0,50.0,24.0,73.0,Poor,Poor,73.0,22.0,Fair,39.0,34.0,Fair,26.0,68.0,Fair,21.0,11.0
2024-06-07,Thái Bình,30.0,7.4,81.0,81.0,1005.0,31.0,24.0,64.0,Poor,Poor,64.0,19.0,Fair,34.0,29.0,Fair,24.0,65.0,Fair,21.0,11.0
2024-06-07,Thái Nguyên,31.0,7.7,76.0,76.0,1002.0,24.0,23.0,77.0,Poor,Poor,77.0,23.0,Fair,40.0,35.0,Fair,36.0,81.0,Fair,20.0,10.0
2024-06-07,Thừa Thiên-Huế,32.0,2.871,66.143,66.143,1005.143,68.143,15.714,11.143,Excellent,Excellent,11.143,25.571,Excellent,9.286,12.286,Excellent,8.143,6.714,Excellent,6.857,6.0
2024-06-07,Tiền Giang,32.571,35.6,64.143,64.143,1007.571,67.429,24.0,30.714,Fair,Fair,30.714,8.714,Fair,21.0,16.0,Excellent,13.714,41.143,Excellent,7.429,7.429
2024-06-07,Trà Vinh,31.0,20.2,65.0,65.0,1009.0,77.0,24.0,31.0,Fair,Fair,31.0,9.0,Fair,22.0,17.0,Excellent,15.0,44.0,Excellent,6.0,6.0
2024-06-07,Tuyên Quang,29.0,13.9,81.0,81.0,1006.0,10.0,16.0,55.0,Poor,Poor,55.0,17.0,Fair,29.0,24.0,Excellent,19.0,58.0,Excellent,12.0,6.0
2024-06-07,Tây Ninh,34.0,22.3,62.0,62.0,1007.0,83.0,24.0,30.0,Fair,Fair,30.0,8.0,Excellent,19.0,14.0,Excellent,11.0,34.0,Excellent,8.0,4.0
2024-06-07,Vĩnh Long,33.0,31.7,63.0,63.0,1009.0,84.0,24.0,30.0,Fair,Fair,30.0,8.0,Fair,21.0,16.0,Excellent,13.0,40.0,Excellent,7.0,7.0
2024-06-07,Vĩnh Phúc,31.0,5.55,74.0,74.0,1002.0,38.0,14.5,81.0,Poor,Poor,81.0,24.5,Fair,42.0,37.0,Fair,36.0,81.0,Fair,21.0,10.5
2024-06-07,Yên Bái,30.0,1.2,79.0,79.0,1006.0,50.0,13.0,50.0,Poor,Poor,50.0,15.0,Fair,28.0,23.0,Fair,24.0,65.0,Excellent,16.0,8.0
2024-06-07,Điện Biên,28.0,2.6,78.0,78.0,1007.0,76.0,8.0,7.0,Excellent,Excellent,7.0,22.0,Excellent,4.0,3.0,Excellent,2.0,1.0,Excellent,1.0,141.0
2024-06-07,Đà Nẵng,31.0,0.2,58.0,58.0,1004.0,50.0,16.0,40.0,Fair,Fair,40.0,12.0,Fair,25.0,20.0,Fair,22.0,62.0,Excellent,9.0,9.0
2024-06-07,Đắk Lắk,30.167,2.283,66.75,66.75,1009.833,65.167,22.417,36.583,Fair,Fair,36.583,10.583,Fair,22.833,17.833,Excellent,16.917,50.333,Excellent,3.917,1.917
2024-06-07,Đắk Nông,27.25,4.675,80.25,80.25,1010.0,83.5,14.5,35.75,Fair,Fair,35.75,10.25,Fair,22.25,17.25,Excellent,15.0,44.25,Excellent,5.0,3.0
2024-06-07,Đồng Nai,32.9,7.48,61.3,61.3,1007.6,86.5,24.0,36.8,Fair,Fair,36.8,10.9,Fair,23.8,18.8,Excellent,12.4,37.8,Excellent,10.7,10.4
2024-06-07,Đồng Tháp,33.0,19.8,63.0,63.0,1009.0,80.5,24.0,31.5,Fair,Fair,31.5,8.5,Fair,23.0,18.0,Excellent,14.0,41.5,Excellent,6.5,5.0
2024-06-08,An Giang,31.857,10.586,68.857,68.857,1008.0,91.571,24.0,30.286,Fair,Fair,30.286,8.286,Fair,20.571,15.714,Excellent,13.857,42.0,Excellent,5.714,3.143
2024-06-08,Bà Rịa - Vũng Tàu,31.8,8.92,72.4,72.4,1008.2,80.2,24.0,32.4,Fair,Fair,32.4,9.2,Fair,21.8,16.8,Excellent,15.8,48.0,Excellent,5.6,5.6
2024-06-08,Bình Dương,32.143,8.1,64.714,64.714,1006.286,46.0,24.0,31.143,Fair,Fair,31.143,8.857,Excellent,19.0,14.143,Excellent,13.143,40.143,Excellent,7.714,5.571
2024-06-08,Bình Phước,31.5,17.37,67.0,67.0,1008.7,67.2,22.4,30.9,Fair,Fair,30.9,9.0,Excellent,17.6,13.6,Excellent,14.1,42.3,Excellent,4.9,2.6
2024-06-08,Bình Thuận,31.905,9.143,70.333,70.333,1008.143,96.381,22.619,34.762,Fair,Fair,34.762,9.952,Fair,22.952,17.952,Excellent,17.476,51.81,Excellent,5.0,4.762
2024-06-08,Bình Định,29.286,3.057,77.429,77.429,1005.214,62.929,17.714,37.714,Fair,Fair,37.714,11.0,Fair,23.429,18.429,Fair,19.357,58.143,Excellent,2.286,1.0
2024-06-08,Bạc Liêu,33.0,0.0,60.0,60.0,1009.0,10.0,24.0,32.0,Fair,Fair,32.0,9.0,Fair,23.0,18.0,Excellent,16.0,49.0,Excellent,2.0,1.0
2024-06-08,Bắc Giang,32.0,10.2,73.0,73.0,1004.0,97.0,18.0,40.0,Fair,Fair,40.0,12.0,Fair,24.0,19.0,Fair,21.0,25.0,Fair,20.0,60.0
2024-06-08,Bắc Kạn,30.0,12.4,81.0,81.0,1005.0,100.0,19.0,13.0,Excellent,Excellent,13.0,37.0,Excellent,13.0,3.0,Excellent,6.0,3.0,Excellent,6.0,5.0
2024-06-08,Bắc Ninh,32.0,21.7,74.0,74.0,1004.0,98.0,16.0,60.0,Poor,Poor,60.0,18.0,Fair,29.0,24.0,Fair,22.0,25.0,Excellent,17.0,50.0
2024-06-08,Bến Tre,32.0,4.0,72.0,72.0,1008.0,31.0,24.0,31.0,Fair,Fair,31.0,9.0,Fair,20.0,15.0,Excellent,15.0,45.0,Excellent,7.0,7.0
2024-06-08,Cao Bằng,29.0,16.1,82.0,82.0,1005.0,100.0,10.0,14.0,Excellent,Excellent,14.0,41.0,Excellent,8.0,6.0,Excellent,8.0,8.0,Excellent,7.0,2.0
2024-06-08,Cà Mau,33.0,2.2,61.0,61.0,1009.0,11.0,24.0,33.0,Fair,Fair,33.0,9.0,Fair,25.0,20.0,Excellent,16.0,49.0,Excellent,2.0,1.0
2024-06-08,Cần Thơ,33.0,6.3,64.0,64.0,1008.0,76.0,24.0,30.0,Fair,Fair,30.0,8.0,Fair,21.0,16.0,Excellent,15.0,44.0,Excellent,7.0,7.0
2024-06-08,Gia Lai,30.353,3.724,66.882,66.882,1007.706,70.294,23.824,33.529,Fair,Fair,33.529,9.529,Excellent,18.647,14.059,Excellent,16.353,48.588,Excellent,3.824,1.765
2024-06-08,Hà Giang,29.0,1.5,81.0,81.0,1005.0,76.0,23.0,15.0,Excellent,Excellent,15.0,44.0,Excellent,9.0,7.0,Excellent,8.0,2.0,Excellent,6.0,3.0
2024-06-08,Hà Nam,30.5,4.65,82.5,82.5,1004.0,40.5,24.0,53.5,Poor,Poor,53.5,16.0,Fair,31.0,26.0,Fair,21.5,62.5,Excellent,15.5,15.5
2024-06-08,Hà Nội,32.0,21.7,74.0,74.0,1000.0,98.0,16.0,60.0,Poor,Poor,60.0,18.0,Fair,29.0,24.0,Fair,22.0,25.0,Excellent,17.0,50.0
2024-06-08,Hà Tĩnh,32.0,6.9,74.0,74.0,1001.0,31.0,24.0,15.0,Excellent,Excellent,15.0,4.0,Excellent,13.0,38.0,Excellent,10.0,7.0,Excellent,8.0,4.0
2024-06-08,Hòa Bình,30.0,18.6,83.0,83.0,1000.0,91.0,13.0,37.0,Fair,Fair,37.0,11.0,Fair,28.0,23.0,Fair,22.0,63.0,Excellent,12.0,12.0
2024-06-08,Hưng Yên,30.0,4.9,84.0,84.0,1004.0,31.0,24.0,60.0,Poor,Poor,60.0,18.0,Fair,34.0,29.0,Fair,23.0,64.0,Excellent,16.0,16.0
2024-06-08,Hải Dương,32.0,10.2,73.0,73.0,1000.0,97.0,18.0,40.0,Fair,Fair,40.0,12.0,Fair,24.0,19.0,Fair,21.0,25.0,Fair,20.0,60.0
2024-06-08,Hải Phòng,30.0,43.3,78.0,78.0,1004.0,50.0,24.0,25.0,Fair,Fair,25.0,7.0,Fair,20.0,20.0,Excellent,17.0,52.0,Excellent,13.0,10.0
2024-06-08,Hậu Giang,33.5,3.575,60.75,60.75,1007.25,67.0,24.0,30.75,Fair,Fair,30.75,8.75,Fair,21.75,16.75,Excellent,15.25,45.25,Excellent,5.0,4.75
2024-06-08,Hồ Chí Minh,34.0,3.6,58.0,58.0,1004.0,76.0,16.0,32.0,Fair,Fair,32.0,9.0,Fair,20.0,15.0,Excellent,14.0,41.0,Excellent,8.0,8.0
2024-06-08,Khánh Hòa,30.167,1.025,71.5,71.5,1005.917,70.083,22.583,38.417,Fair,Fair,38.417,11.083,Fair,25.917,20.917,Fair,19.75,59.167,Excellent,3.667,3.5
2024-06-08,Kiến Giang,31.857,3.829,72.286,72.286,1007.143,76.286,24.0,32.0,Fair,Fair,32.0,9.143,Fair,23.429,18.429,Excellent,15.0,45.143,Excellent,4.0,2.0
2024-06-08,Kon Tum,27.0,13.4,79.0,79.0,1010.0,76.0,24.0,33.0,Fair,Fair,33.0,10.0,Excellent,18.0,13.0,Excellent,16.0,47.0,Excellent,4.0,2.0
2024-06-08,Lai Châu,29.0,14.5,79.0,79.0,1005.0,76.0,16.0,5.0,Excellent,Excellent,5.0,15.0,Excellent,5.0,4.0,Excellent,2.0,1.0,Excellent,2.0,155.0
2024-06-08,Long An,33.7,4.7,60.1,60.1,1004.8,57.0,23.0,30.8,Fair,Fair,30.8,8.7,Excellent,18.8,14.4,Excellent,13.6,41.3,Excellent,7.2,6.0
2024-06-08,Lào Cai,29.0,5.6,80.0,80.0,1005.0,93.0,11.0,13.0,Excellent,Excellent,13.0,39.0,Excellent,7.0,2.0,Excellent,6.0,3.0,Excellent,6.0,5.0
2024-06-08,Lâm Đồng,25.5,6.5,80.167,80.167,1010.167,88.0,13.5,34.333,Fair,Fair,34.333,10.0,Fair,22.0,17.0,Excellent,17.5,52.333,Excellent,3.167,1.333
2024-06-08,Lạng Sơn,28.0,32.3,89.0,89.0,1005.0,100.0,15.0,21.0,Fair,Fair,21.0,25.0,Excellent,13.0,38.0,Excellent,8.0,4.0,Excellent,6.0,4.0
2024-06-08,Nam Định,30.0,4.9,84.0,84.0,1004.0,31.0,24.0,60.0,Poor,Poor,60.0,18.0,Fair,34.0,29.0,Fair,23.0,64.0,Excellent,16.0,16.0
2024-06-08,Nghệ An,30.897,8.966,74.241,74.241,1003.483,51.862,20.862,11.069,Excellent,Excellent,11.069,16.034,Excellent,7.793,13.414,Excellent,5.448,22.552,Excellent,2.69,49.379
2024-06-08,Ninh Bình,30.0,4.9,84.0,84.0,1004.0,31.0,24.0,60.0,Poor,Poor,60.0,18.0,Fair,34.0,29.0,Fair,23.0,64.0,Excellent,16.0,16.0
2024-06-08,Ninh Thuận,29.8,3.42,78.0,78.0,1005.6,79.2,19.0,38.0,Fair,Fair,38.0,11.0,Fair,26.6,21.6,Fair,19.8,58.8,Excellent,5.0,5.0
2024-06-08,Phú Thọ,31.0,4.8,74.0,74.0,1000.0,78.0,3.0,34.0,Fair,Fair,34.0,10.0,Fair,27.0,69.0,Fair,22.0,17.0,Excellent,12.0,12.0
2024-06-08,Phú Yên,31.375,3.525,71.125,71.125,1003.75,72.125,23.125,37.25,Fair,Fair,37.25,10.875,Fair,23.5,18.5,Fair,19.375,58.5,Excellent,2.0,1.0
2024-06-08,Quảng Bình,32.333,1.1,66.25,66.25,1002.75,45.5,24.0,18.667,Excellent,Excellent,18.667,22.667,Excellent,11.583,8.583,Excellent,9.167,21.0,Excellent,2.75,0.833
2024-06-08,Quảng Nam,29.375,6.481,75.625,75.625,1003.312,67.062,22.375,37.812,Fair,Fair,37.812,10.875,Fair,21.875,16.875,Excellent,18.688,55.625,Excellent,4.25,4.188
2024-06-08,Quảng Ngãi,32.0,0.4,70.0,70.0,1006.0,36.0,24.0,38.0,Fair,Fair,38.0,11.0,Fair,23.0,18.0,Fair,20.0,60.0,Excellent,2.0,1.0
2024-06-08,Quảng Ninh,28.867,37.027,85.2,85.2,1001.4,62.933,21.267,18.533,Excellent,Excellent,18.533,19.467,Excellent,11.667,26.133,Excellent,9.267,10.267,Excellent,5.933,30.4
2024-06-08,Quảng Trị,34.0,0.8,59.0,59.0,1006.0,13.0,24.0,10.0,Excellent,Excellent,10.0,31.0,Excellent,6.0,4.0,Excellent,5.0,3.0,Excellent,4.0,1.0
2024-06-08,Sóc Trăng,34.0,4.5,59.0,59.0,1008.0,76.0,24.0,30.0,Fair,Fair,30.0,9.0,Fair,21.0,16.0,Excellent,16.0,47.0,Excellent,5.0,5.0
2024-06-08,Sơn La,26.0,21.7,82.0,82.0,1005.0,100.0,19.0,5.0,Excellent,Excellent,5.0,16.0,Excellent,3.0,1.0,Excellent,3.0,3.0,Excellent,2.0,155.0
2024-06-08,Thanh Hóa,31.0,13.7,76.0,76.0,1001.0,28.0,24.0,76.0,Poor,Poor,76.0,23.0,Fair,45.0,40.0,Fair,31.0,74.0,Excellent,12.0,6.0
2024-06-08,Thái Bình,30.0,4.9,84.0,84.0,1004.0,31.0,24.0,60.0,Poor,Poor,60.0,18.0,Fair,34.0,29.0,Fair,23.0,64.0,Excellent,16.0,16.0
2024-06-08,Thái Nguyên,31.0,24.7,76.0,76.0,1000.0,100.0,11.0,30.0,Fair,Fair,30.0,8.0,Excellent,19.0,55.0,Excellent,16.0,12.0,Excellent,15.0,15.0
2024-06-08,Thừa Thiên-Huế,30.571,3.286,70.429,70.429,1003.0,58.571,21.857,16.429,Excellent,Excellent,16.429,17.143,Excellent,13.714,15.857,Excellent,12.286,23.429,Excellent,6.429,4.714
2024-06-08,Tiền Giang,32.143,6.371,71.0,71.0,1005.143,80.0,24.0,31.143,Fair,Fair,31.143,8.714,Fair,20.429,15.429,Excellent,14.714,44.857,Excellent,7.0,7.0
2024-06-08,Trà Vinh,33.0,0.0,63.0,63.0,1008.0,100.0,24.0,31.0,Fair,Fair,31.0,9.0,Fair,21.0,16.0,Excellent,15.0,46.0,Excellent,7.0,7.0
2024-06-08,Tuyên Quang,30.0,8.2,78.0,78.0,1004.0,100.0,10.0,39.0,Fair,Fair,39.0,11.0,Fair,24.0,19.0,Excellent,16.0,48.0,Excellent,7.0,7.0
2024-06-08,Tây Ninh,33.0,13.3,63.0,63.0,1004.0,76.0,24.0,30.0,Fair,Fair,30.0,8.0,Excellent,17.0,13.0,Excellent,14.0,41.0,Excellent,6.0,3.0
2024-06-08,Vĩnh Long,31.0,4.2,76.0,76.0,1008.0,90.0,24.0,30.0,Fair,Fair,30.0,8.0,Fair,20.0,15.0,Excellent,14.0,43.0,Excellent,7.0,7.0
2024-06-08,Vĩnh Phúc,31.0,3.3,75.5,75.5,1000.0,88.5,9.5,43.0,Fair,Fair,43.0,13.0,Fair,27.0,45.5,Fair,21.0,38.5,Excellent,16.0,16.5
2024-06-08,Yên Bái,29.0,3.6,86.0,86.0,1004.0,92.0,3.0,36.0,Fair,Fair,36.0,10.0,Fair,24.0,65.0,Fair,22.0,17.0,Excellent,7.0,3.0
2024-06-08,Điện Biên,28.0,13.1,79.0,79.0,1005.0,91.0,10.0,7.0,Excellent,Excellent,7.0,19.0,Excellent,6.0,4.0,Excellent,3.0,1.0,Excellent,2.0,153.0
2024-06-08,Đà Nẵng,32.0,1.1,70.0,70.0,1003.0,76.0,16.0,39.0,Fair,Fair,39.0,11.0,Fair,23.0,18.0,Excellent,19.0,57.0,Excellent,6.0,6.0
2024-06-08,Đắk Lắk,31.333,7.708,61.5,61.5,1009.083,72.0,23.583,31.917,Fair,Fair,31.917,9.0,Excellent,18.667,14.0,Excellent,16.5,49.667,Excellent,2.917,1.75
2024-06-08,Đắk Nông,28.0,6.25,81.75,81.75,1010.0,85.5,22.25,32.0,Fair,Fair,32.0,9.0,Excellent,18.5,14.0,Excellent,16.0,47.25,Excellent,4.0,2.0
2024-06-08,Đồng Nai,31.3,12.54,72.3,72.3,1005.3,88.7,24.0,32.8,Fair,Fair,32.8,9.1,Fair,20.6,15.7,Excellent,14.2,42.6,Excellent,8.8,8.2
2024-06-08,Đồng Tháp,31.0,5.65,77.0,77.0,1008.0,90.5,24.0,30.0,Fair,Fair,30.0,8.0,Fair,20.5,15.5,Excellent,14.0,43.0,Excellent,6.0,5.0
2024-06-09,An Giang,32.429,6.771,62.429,62.429,1007.429,73.0,24.0,28.714,Fair,Fair,28.714,8.0,Excellent,18.571,13.857,Excellent,15.286,45.571,Excellent,5.429,2.429
2024-06-09,Bà Rịa - Vũng Tàu,29.4,2.86,79.4,79.4,1006.8,18.2,15.4,34.6,Fair,Fair,34.6,10.0,Fair,23.8,18.8,Excellent,16.6,49.2,Excellent,5.0,2.4
2024-06-09,Bình Dương,30.0,8.586,76.143,76.143,1006.0,89.571,23.143,31.0,Fair,Fair,31.0,8.857,Fair,20.0,15.143,Excellent,14.0,42.143,Excellent,7.714,5.0
2024-06-09,Bình Phước,28.4,8.64,82.4,82.4,1007.7,80.4,11.1,30.8,Fair,Fair,30.8,8.9,Fair,19.6,14.6,Excellent,16.0,47.6,Excellent,4.5,2.2
2024-06-09,Bình Thuận,29.238,10.543,82.762,82.762,1007.762,46.238,17.095,35.524,Fair,Fair,35.524,10.19,Fair,23.857,18.857,Excellent,17.905,53.19,Excellent,4.143,2.571
2024-06-09,Bình Định,31.714,4.136,68.714,68.714,1005.429,41.0,23.143,36.5,Fair,Fair,36.5,10.714,Fair,22.857,17.857,Fair,20.786,61.143,Excellent,2.286,1.0
2024-06-09,Bạc Liêu,32.0,9.3,60.0,60.0,1008.0,82.0,23.0,34.0,Fair,Fair,34.0,10.0,Fair,23.0,18.0,Excellent,17.0,52.0,Excellent,2.0,1.0
2024-06-09,Bắc Giang,31.0,65.0,76.0,76.0,1003.0,100.0,24.0,36.0,Fair,Fair,36.0,10.0,Fair,20.0,15.0,Excellent,16.0,48.0,Excellent,16.0,16.0
2024-06-09,Bắc Kạn,28.0,5.2,46.0,46.0,1005.0,97.0,21.0,14.0,Excellent,Excellent,14.0,3.0,Excellent,11.0,34.0,Excellent,10.0,10.0,Excellent,7.0,5.0
2024-06-09,Bắc Ninh,32.0,53.7,72.0,72.0,1003.0,100.0,23.0,47.0,Fair,Fair,47.0,14.0,Fair,24.0,19.0,Excellent,17.0,50.0,Excellent,17.0,17.0
2024-06-09,Bến Tre,32.0,0.7,66.0,66.0,1006.0,10.0,11.0,31.0,Fair,Fair,31.0,9.0,Fair,21.0,16.0,Excellent,15.0,46.0,Excellent,5.0,3.0
2024-06-09,Cao Bằng,28.0,12.3,82.0,82.0,1005.0,91.0,16.0,14.0,Excellent,Excellent,14.0,4.0,Excellent,9.0,27.0,Excellent,9.0,9.0,Excellent,8.0,6.0
2024-06-09,Cà Mau,32.0,6.4,63.0,63.0,1008.0,31.0,21.0,34.0,Fair,Fair,34.0,10.0,Fair,23.0,18.0,Excellent,18.0,53.0,Excellent,2.0,1.0
2024-06-09,Cần Thơ,33.0,3.9,60.0,60.0,1008.0,50.0,19.0,29.0,Fair,Fair,29.0,8.0,Fair,20.0,15.0,Excellent,16.0,47.0,Excellent,5.0,5.0
2024-06-09,Gia Lai,30.176,2.853,66.882,66.882,1007.529,41.706,19.647,33.882,Fair,Fair,33.882,9.412,Fair,20.588,15.647,Excellent,18.176,54.235,Excellent,3.0,1.647
2024-06-09,Hà Giang,27.0,15.8,89.0,89.0,1004.0,98.0,18.0,9.0,Excellent,Excellent,9.0,26.0,Excellent,6.0,4.0,Excellent,6.0,6.0,Excellent,4.0,2.0
2024-06-09,Hà Nam,31.0,51.5,76.0,76.0,1003.0,91.0,23.5,50.0,Poor,Poor,50.0,15.0,Fair,31.0,26.0,Fair,23.5,64.5,Excellent,9.0,6.5
2024-06-09,Hà Nội,32.0,53.7,72.0,72.0,1003.0,100.0,23.0,47.0,Fair,Fair,47.0,14.0,Fair,24.0,19.0,Excellent,17.0,50.0,Excellent,17.0,17.0
2024-06-09,Hà Tĩnh,34.0,10.1,66.0,66.0,1003.0,84.0,24.0,12.0,Excellent,Excellent,12.0,35.0,Excellent,11.0,3.0,Excellent,9.0,7.0,Excellent,7.0,3.0
2024-06-09,Hòa Bình,31.0,32.4,76.0,76.0,1003.0,98.0,11.0,72.0,Poor,Poor,72.0,22.0,Fair,38.0,33.0,Excellent,13.0,39.0,Excellent,11.0,11.0
2024-06-09,Hưng Yên,31.0,54.1,75.0,75.0,1003.0,92.0,23.0,51.0,Poor,Poor,51.0,15.0,Fair,29.0,24.0,Excellent,19.0,58.0,Excellent,9.0,4.0
2024-06-09,Hải Dương,31.0,65.0,76.0,76.0,1003.0,100.0,24.0,36.0,Fair,Fair,36.0,10.0,Fair,20.0,15.0,Excellent,16.0,48.0,Excellent,16.0,16.0
2024-06-09,Hải Phòng,31.0,54.5,71.0,71.0,1004.0,100.0,24.0,21.0,Fair,Fair,21.0,6.0,Excellent,14.0,40.0,Excellent,12.0,12.0,Excellent,11.0,9.0
2024-06-09,Hậu Giang,33.0,8.375,58.0,58.0,1007.5,35.25,22.75,30.25,Fair,Fair,30.25,8.25,Fair,20.5,15.5,Excellent,16.25,48.25,Excellent,4.0,2.75
2024-06-09,Hồ Chí Minh,30.0,12.4,78.0,78.0,1006.0,76.0,16.0,32.0,Fair,Fair,32.0,9.0,Fair,21.0,16.0,Excellent,14.0,43.0,Excellent,8.0,8.0
2024-06-09,Khánh Hòa,28.833,6.567,77.75,77.75,1006.583,39.5,14.583,38.833,Fair,Fair,38.833,11.25,Fair,25.833,20.833,Fair,20.25,60.167,Excellent,2.917,2.833
2024-06-09,Kiến Giang,31.286,21.357,71.714,71.714,1007.571,57.714,15.429,29.571,Fair,Fair,29.571,8.143,Fair,20.0,15.0,Excellent,16.286,48.571,Excellent,3.429,2.0
2024-06-09,Kon Tum,30.0,2.0,66.0,66.0,1009.0,10.0,15.0,33.0,Fair,Fair,33.0,9.0,Excellent,19.0,14.0,Excellent,17.0,52.0,Excellent,3.0,2.0
2024-06-09,Lai Châu,28.0,3.1,82.0,82.0,1005.0,90.0,13.0,7.0,Excellent,Excellent,7.0,21.0,Excellent,4.0,3.0,Excellent,2.0,1.0,Excellent,2.0,161.0
2024-06-09,Long An,29.7,10.9,75.7,75.7,1006.3,68.4,17.7,30.4,Fair,Fair,30.4,8.5,Fair,19.5,14.9,Excellent,14.6,43.2,Excellent,6.5,4.1
2024-06-09,Lào Cai,32.0,6.9,66.0,66.0,1004.0,96.0,21.0,11.0,Excellent,Excellent,11.0,34.0,Excellent,10.0,2.0,Excellent,5.0,4.0,Excellent,4.0,2.0
2024-06-09,Lâm Đồng,25.667,14.933,79.5,79.5,1009.833,96.667,11.5,34.167,Fair,Fair,34.167,10.0,Fair,22.5,17.5,Excellent,18.667,55.667,Excellent,2.667,1.333
2024-06-09,Lạng Sơn,27.0,44.8,89.0,89.0,1004.0,100.0,24.0,12.0,Excellent,Excellent,12.0,12.0,Excellent,11.0,32.0,Excellent,7.0,4.0,Excellent,4.0,3.0
2024-06-09,Nam Định,32.0,54.1,71.0,71.0,1003.0,92.0,23.0,51.0,Poor,Poor,51.0,15.0,Fair,29.0,24.0,Excellent,19.0,58.0,Excellent,9.0,4.0
2024-06-09,Nghệ An,30.966,4.862,75.207,75.207,1003.345,64.379,15.414,12.724,Excellent,Excellent,12.724,18.69,Excellent,9.69,12.759,Excellent,7.897,21.483,Excellent,3.517,30.138
2024-06-09,Ninh Bình,32.0,54.1,71.0,71.0,1003.0,92.0,23.0,51.0,Poor,Poor,51.0,15.0,Fair,29.0,24.0,Excellent,19.0,58.0,Excellent,9.0,4.0
2024-06-09,Ninh Thuận,29.4,6.58,79.6,79.6,1006.2,35.6,15.8,38.0,Fair,Fair,38.0,11.0,Fair,25.8,20.8,Fair,19.2,58.0,Excellent,3.0,2.6
2024-06-09,Phú Thọ,31.0,24.7,75.0,75.0,1003.0,100.0,21.0,53.0,Poor,Poor,53.0,16.0,Excellent,19.0,14.0,Excellent,12.0,12.0,Excellent,11.0,33.0
2024-06-09,Phú Yên,29.125,5.95,77.875,77.875,1004.5,60.0,21.875,37.75,Fair,Fair,37.75,11.125,Fair,24.75,19.75,Fair,21.25,61.875,Excellent,2.125,1.25
2024-06-09,Quảng Bình,33.25,4.35,61.167,61.167,1003.417,60.5,21.5,17.5,Excellent,Excellent,17.5,23.5,Excellent,11.833,9.083,Excellent,9.083,20.083,Excellent,2.75,1.0
2024-06-09,Quảng Nam,29.375,4.975,80.0,80.0,1004.062,45.875,21.0,33.812,Fair,Fair,33.812,9.812,Fair,21.375,16.375,Excellent,18.625,55.625,Excellent,5.75,5.75
2024-06-09,Quảng Ngãi,31.0,0.2,74.0,74.0,1005.0,2.0,19.0,35.0,Fair,Fair,35.0,10.0,Fair,22.0,17.0,Fair,20.0,60.0,Excellent,2.0,1.0
2024-06-09,Quảng Ninh,29.133,80.087,80.867,80.867,1004.8,99.8,20.4,13.733,Excellent,Excellent,13.733,24.133,Excellent,9.933,16.533,Excellent,7.2,7.667,Excellent,5.333,3.133
2024-06-09,Quảng Trị,32.0,11.2,67.0,67.0,1004.0,90.0,23.0,10.0,Excellent,Excellent,10.0,30.0,Excellent,8.0,6.0,Excellent,5.0,2.0,Excellent,5.0,1.0
2024-06-09,Sóc Trăng,32.0,0.0,60.0,60.0,1008.0,47.0,24.0,32.0,Fair,Fair,32.0,9.0,Fair,22.0,17.0,Excellent,16.0,49.0,Excellent,4.0,4.0
2024-06-09,Sơn La,27.0,10.7,80.0,80.0,1005.0,100.0,18.0,7.0,Excellent,Excellent,7.0,20.0,Excellent,4.0,3.0,Excellent,3.0,2.0,Excellent,2.0,160.0
2024-06-09,Thanh Hóa,31.0,7.3,79.0,79.0,1002.0,76.0,23.0,46.0,Fair,Fair,46.0,14.0,Fair,26.0,21.0,Excellent,18.0,55.0,Excellent,8.0,4.0
2024-06-09,Thái Bình,32.0,54.1,71.0,71.0,1003.0,92.0,23.0,51.0,Poor,Poor,51.0,15.0,Fair,29.0,24.0,Excellent,19.0,58.0,Excellent,9.0,4.0
2024-06-09,Thái Nguyên,28.0,37.4,91.0,91.0,1003.0,90.0,23.0,39.0,Fair,Fair,39.0,11.0,Fair,23.0,18.0,Excellent,19.0,56.0,Excellent,13.0,13.0
2024-06-09,Thừa Thiên-Huế,31.0,5.929,74.286,74.286,1004.0,80.143,21.143,11.857,Excellent,Excellent,11.857,35.714,Excellent,8.857,8.286,Excellent,5.857,2.857,Excellent,5.286,2.857
2024-06-09,Tiền Giang,31.857,1.886,68.429,68.429,1006.571,36.0,18.143,31.286,Fair,Fair,31.286,8.714,Fair,21.286,16.571,Excellent,15.429,45.714,Excellent,5.0,3.0
2024-06-09,Trà Vinh,32.0,2.3,61.0,61.0,1008.0,76.0,24.0,31.0,Fair,Fair,31.0,9.0,Fair,21.0,16.0,Excellent,16.0,48.0,Excellent,5.0,5.0
2024-06-09,Tuyên Quang,28.0,8.9,85.0,85.0,1004.0,97.0,19.0,26.0,Fair,Fair,26.0,7.0,Excellent,14.0,42.0,Excellent,14.0,11.0,Excellent,10.0,10.0
2024-06-09,Tây Ninh,29.0,8.7,76.0,76.0,1006.0,87.0,24.0,29.0,Fair,Fair,29.0,8.0,Excellent,18.0,14.0,Excellent,14.0,43.0,Excellent,6.0,3.0
2024-06-09,Vĩnh Long,33.0,5.3,62.0,62.0,1008.0,76.0,24.0,29.0,Fair,Fair,29.0,8.0,Excellent,19.0,15.0,Excellent,15.0,45.0,Excellent,5.0,3.0
2024-06-09,Vĩnh Phúc,28.5,17.45,84.5,84.5,1003.0,100.0,13.5,50.5,Poor,Poor,50.5,15.0,Fair,21.5,16.5,Excellent,14.0,14.0,Excellent,13.0,39.0
2024-06-09,Yên Bái,29.0,5.9,83.0,83.0,1004.0,90.0,10.0,47.0,Fair,Fair,47.0,14.0,Fair,28.0,23.0,Fair,22.0,63.0,Excellent,9.0,9.0
2024-06-09,Điện Biên,27.0,14.2,80.0,80.0,1005.0,77.0,24.0,4.0,Excellent,Excellent,4.0,3.0,Excellent,2.0,159.0,Excellent,1.0,4.0,Excellent,0.0,0.0
2024-06-09,Đà Nẵng,33.0,0.2,62.0,62.0,1003.0,76.0,16.0,34.0,Fair,Fair,34.0,10.0,Fair,22.0,17.0,Excellent,19.0,56.0,Excellent,8.0,8.0
2024-06-09,Đắk Lắk,28.833,4.517,75.667,75.667,1008.083,70.75,23.25,33.167,Fair,Fair,33.167,9.5,Fair,20.583,22.25,Excellent,18.583,49.083,Excellent,2.583,1.0
2024-06-09,Đắk Nông,27.0,4.1,78.5,78.5,1009.0,66.0,16.75,32.0,Fair,Fair,32.0,9.0,Fair,20.25,15.25,Excellent,18.0,53.5,Excellent,3.0,1.0
2024-06-09,Đồng Nai,28.8,12.3,80.2,80.2,1006.5,80.3,18.1,32.8,Fair,Fair,32.8,9.1,Fair,21.7,16.7,Excellent,15.3,45.1,Excellent,8.6,8.1
2024-06-09,Đồng Tháp,32.0,12.25,66.0,66.0,1008.0,76.0,24.0,29.0,Fair,Fair,29.0,8.0,Excellent,19.0,14.5,Excellent,15.0,45.5,Excellent,5.0,2.5
2024-06-10,An Giang,30.286,3.271,68.143,68.143,1009.143,27.714,24.0,27.143,Fair,Fair,27.143,7.286,Excellent,16.429,12.571,Excellent,15.429,45.714,Excellent,5.286,2.714
2024-06-10,Bà Rịa - Vũng Tàu,29.4,7.62,79.6,79.6,1008.8,82.2,21.8,31.2,Fair,Fair,31.2,8.4,Fair,19.8,15.4,Excellent,17.8,51.6,Excellent,4.6,4.2
2024-06-10,Bình Dương,28.571,10.886,82.857,82.857,1008.143,64.857,19.857,28.143,Fair,Fair,28.143,7.857,Excellent,16.143,12.286,Excellent,13.286,40.286,Excellent,9.571,9.0
2024-06-10,Bình Phước,26.7,7.65,87.1,87.1,1010.1,68.4,10.6,27.5,Fair,Fair,27.5,7.5,Excellent,15.0,17.7,Excellent,14.0,35.5,Excellent,5.9,3.7
2024-06-10,Bình Thuận,29.095,12.424,83.19,82.762,1010.143,88.286,17.524,29.81,Fair,Fair,29.81,8.0,Excellent,18.571,15.333,Excellent,16.714,48.381,Excellent,3.714,2.333
2024-06-10,Bình Định,34.214,1.15,53.643,53.643,1007.143,29.143,23.071,33.071,Fair,Fair,33.071,9.357,Fair,21.143,16.143,Excellent,19.0,57.143,Excellent,2.0,1.0
2024-06-10,Bạc Liêu,30.0,3.4,68.0,68.0,1010.0,76.0,24.0,33.0,Fair,Fair,33.0,9.0,Fair,22.0,17.0,Excellent,19.0,56.0,Excellent,2.0,1.0
2024-06-10,Bắc Giang,33.0,24.7,70.0,70.0,1003.0,76.0,24.0,32.0,Fair,Fair,32.0,9.0,Excellent,16.0,12.0,Excellent,13.0,39.0,Excellent,13.0,13.0
2024-06-10,Bắc Kạn,29.0,5.3,86.0,86.0,1007.0,90.0,18.0,24.0,Fair,Fair,24.0,6.0,Excellent,10.0,7.0,Excellent,7.0,20.0,Excellent,5.0,5.0
2024-06-10,Bắc Ninh,31.0,34.3,78.0,78.0,1003.0,79.0,24.0,89.0,Poor,Poor,89.0,27.0,Fair,35.0,30.0,Excellent,14.0,43.0,Excellent,13.0,13.0
2024-06-10,Bến Tre,27.0,6.2,90.0,90.0,1010.0,76.0,24.0,29.0,Fair,Fair,29.0,8.0,Excellent,18.0,13.0,Excellent,16.0,48.0,Excellent,7.0,7.0
2024-06-10,Cao Bằng,28.0,8.3,84.0,84.0,1008.0,88.0,24.0,12.0,Excellent,Excellent,12.0,3.0,Excellent,9.0,28.0,Excellent,8.0,6.0,Excellent,5.0,5.0
2024-06-10,Cà Mau,30.0,6.1,70.0,70.0,1010.0,30.0,24.0,33.0,Fair,Fair,33.0,9.0,Fair,23.0,18.0,Excellent,19.0,56.0,Excellent,2.0,1.0
2024-06-10,Cần Thơ,28.0,6.1,78.0,78.0,1010.0,31.0,24.0,29.0,Fair,Fair,29.0,8.0,Excellent,18.0,13.0,Excellent,16.0,49.0,Excellent,7.0,7.0
2024-06-10,Gia Lai,29.588,3.071,73.647,73.647,1009.471,68.353,12.353,29.471,Fair,Fair,29.471,8.294,Excellent,17.529,29.647,Excellent,16.412,32.647,Excellent,2.0,1.0
2024-06-10,Hà Giang,29.0,10.8,82.0,82.0,1008.0,30.0,24.0,10.0,Excellent,Excellent,10.0,28.0,Excellent,6.0,4.0,Excellent,4.0,2.0,Excellent,3.0,3.0
2024-06-10,Hà Nam,32.5,8.85,72.5,72.5,1005.0,53.0,24.0,37.5,Fair,Fair,37.5,11.0,Fair,22.5,37.5,Fair,20.5,39.5,Excellent,9.5,4.5
2024-06-10,Hà Nội,31.0,34.3,78.0,78.0,1003.0,79.0,24.0,89.0,Poor,Poor,89.0,27.0,Fair,35.0,30.0,Excellent,14.0,43.0,Excellent,13.0,13.0
2024-06-10,Hà Tĩnh,32.0,3.6,73.0,73.0,1006.0,41.0,24.0,11.0,Excellent,Excellent,11.0,32.0,Excellent,7.0,2.0,Excellent,6.0,3.0,Excellent,6.0,4.0
2024-06-10,Hòa Bình,31.0,8.7,82.0,82.0,1006.0,50.0,24.0,57.0,Poor,Poor,57.0,17.0,Fair,36.0,31.0,Excellent,19.0,57.0,Excellent,8.0,4.0
2024-06-10,Hưng Yên,33.0,8.4,72.0,72.0,1005.0,76.0,24.0,29.0,Fair,Fair,29.0,8.0,Excellent,17.0,52.0,Excellent,16.0,12.0,Excellent,10.0,5.0
2024-06-10,Hải Dương,32.0,24.7,75.0,75.0,1006.0,76.0,24.0,32.0,Fair,Fair,32.0,9.0,Excellent,16.0,12.0,Excellent,13.0,39.0,Excellent,13.0,13.0
2024-06-10,Hải Phòng,29.0,29.1,87.0,87.0,1006.0,38.0,24.0,10.0,Excellent,Excellent,10.0,29.0,Excellent,10.0,10.0,Excellent,6.0,5.0,Excellent,4.0,2.0
2024-06-10,Hậu Giang,29.0,5.325,75.25,75.25,1010.0,48.25,24.0,29.5,Fair,Fair,29.5,8.25,Fair,19.25,14.25,Excellent,17.0,51.0,Excellent,5.25,5.25
2024-06-10,Hồ Chí Minh,32.0,16.1,48.0,48.0,1008.0,85.0,16.0,29.0,Fair,Fair,29.0,8.0,Excellent,17.0,13.0,Excellent,14.0,43.0,Excellent,9.0,9.0
2024-06-10,Khánh Hòa,30.25,0.692,69.917,69.917,1008.917,78.0,16.167,31.25,Fair,Fair,31.25,9.0,Fair,19.833,14.833,Excellent,17.083,51.917,Excellent,2.0,1.0
2024-06-10,Kiến Giang,30.0,3.3,75.714,75.714,1010.0,57.429,22.429,28.571,Fair,Fair,28.571,8.0,Excellent,19.0,14.286,Excellent,16.714,49.714,Excellent,3.571,2.0
2024-06-10,Kon Tum,28.0,4.0,78.0,78.0,1010.0,76.0,10.0,29.0,Fair,Fair,29.0,8.0,Excellent,17.0,50.0,Excellent,16.0,12.0,Excellent,2.0,1.0
2024-06-10,Lai Châu,29.0,4.4,83.0,83.0,1008.0,90.0,24.0,5.0,Excellent,Excellent,5.0,3.0,Excellent,4.0,11.0,Excellent,2.0,161.0,Excellent,1.0,1.0
2024-06-10,Long An,28.5,4.81,79.1,79.1,1009.6,29.0,23.1,28.0,Fair,Fair,28.0,7.8,Excellent,16.5,12.6,Excellent,14.5,43.0,Excellent,7.6,6.9
2024-06-10,Lào Cai,30.0,7.0,77.0,77.0,1007.0,90.0,24.0,9.0,Excellent,Excellent,9.0,26.0,Excellent,8.0,2.0,Excellent,4.0,2.0,Excellent,4.0,3.0
2024-06-10,Lâm Đồng,24.5,5.867,84.833,84.833,1011.5,76.667,10.333,28.5,Fair,Fair,28.5,8.0,Excellent,16.5,30.167,Excellent,16.0,30.5,Excellent,3.167,2.0
2024-06-10,Lạng Sơn,29.0,17.0,83.0,83.0,1007.0,30.0,24.0,13.0,Excellent,Excellent,13.0,13.0,Excellent,11.0,34.0,Excellent,7.0,4.0,Excellent,4.0,3.0
2024-06-10,Nam Định,33.0,8.4,72.0,72.0,1005.0,76.0,24.0,29.0,Fair,Fair,29.0,8.0,Excellent,17.0,52.0,Excellent,16.0,12.0,Excellent,10.0,5.0
2024-06-10,Nghệ An,30.448,8.524,77.621,77.621,1005.897,67.0,23.828,13.586,Excellent,Excellent,13.586,17.241,Excellent,10.931,23.897,Excellent,7.793,8.759,Excellent,3.862,62.207
2024-06-10,Ninh Bình,33.0,8.4,72.0,72.0,1005.0,76.0,24.0,29.0,Fair,Fair,29.0,8.0,Excellent,17.0,52.0,Excellent,16.0,12.0,Excellent,10.0,5.0
2024-06-10,Ninh Thuận,32.0,1.04,66.4,66.4,1009.2,76.0,21.4,30.0,Fair,Fair,30.0,8.0,Excellent,18.8,13.8,Excellent,17.8,52.8,Excellent,2.0,1.0
2024-06-10,Phú Thọ,33.0,2.9,70.0,70.0,1006.0,76.0,24.0,63.0,Poor,Poor,63.0,19.0,Fair,24.0,19.0,Excellent,10.0,31.0,Excellent,9.0,9.0
2024-06-10,Phú Yên,33.0,1.125,55.75,55.75,1008.0,35.125,20.25,33.125,Fair,Fair,33.125,9.25,Fair,21.875,16.875,Excellent,18.5,54.375,Excellent,2.0,1.0
2024-06-10,Quảng Bình,32.0,2.208,65.75,65.75,1006.333,63.583,24.0,16.0,Excellent,Excellent,16.0,21.833,Excellent,10.083,20.167,Excellent,8.167,5.417,Excellent,2.333,13.583
2024-06-10,Quảng Nam,31.0,5.162,69.375,69.375,1005.0,64.375,21.562,31.062,Fair,Fair,31.062,8.812,Fair,19.25,57.875,Fair,19.188,14.688,Excellent,3.812,3.812
2024-06-10,Quảng Ngãi,31.0,12.7,78.0,78.0,1007.0,10.0,24.0,32.0,Fair,Fair,32.0,9.0,Fair,21.0,61.0,Fair,20.0,15.0,Excellent,2.0,1.0
2024-06-10,Quảng Ninh,29.667,20.753,80.067,80.067,1006.8,67.067,23.467,12.667,Excellent,Excellent,12.667,29.667,Excellent,9.867,10.8,Excellent,7.2,8.067,Excellent,4.467,2.333
2024-06-10,Quảng Trị,32.0,2.0,72.0,72.0,1006.0,90.0,24.0,9.0,Excellent,Excellent,9.0,28.0,Excellent,5.0,3.0,Excellent,5.0,4.0,Excellent,4.0,1.0
2024-06-10,Sóc Trăng,30.0,13.6,69.0,69.0,1010.0,76.0,23.0,31.0,Fair,Fair,31.0,9.0,Fair,20.0,15.0,Excellent,18.0,53.0,Excellent,6.0,6.0
2024-06-10,Sơn La,28.0,6.7,76.0,76.0,1008.0,31.0,24.0,7.0,Excellent,Excellent,7.0,21.0,Excellent,3.0,1.0,Excellent,3.0,3.0,Excellent,2.0,168.0
2024-06-10,Thanh Hóa,32.0,15.4,74.0,74.0,1005.0,50.0,24.0,65.0,Poor,Poor,65.0,19.0,Fair,38.0,33.0,Fair,30.0,73.0,Excellent,13.0,6.0
2024-06-10,Thái Bình,33.0,8.4,72.0,72.0,1005.0,76.0,24.0,29.0,Fair,Fair,29.0,8.0,Excellent,17.0,52.0,Excellent,16.0,12.0,Excellent,10.0,5.0
2024-06-10,Thái Nguyên,29.0,9.0,87.0,87.0,1003.0,90.0,24.0,59.0,Poor,Poor,59.0,18.0,Fair,29.0,24.0,Excellent,18.0,55.0,Excellent,9.0,9.0
2024-06-10,Thừa Thiên-Huế,30.286,8.9,76.143,76.143,1005.143,43.857,24.0,11.286,Excellent,Excellent,11.286,33.0,Excellent,7.143,5.143,Excellent,6.286,5.714,Excellent,5.143,2.286
2024-06-10,Tiền Giang,27.714,14.271,85.0,85.0,1008.571,66.0,23.143,28.714,Fair,Fair,28.714,8.0,Excellent,17.714,13.429,Excellent,16.0,48.143,Excellent,6.857,6.857
2024-06-10,Trà Vinh,28.0,16.5,82.0,82.0,1010.0,50.0,24.0,30.0,Fair,Fair,30.0,8.0,Excellent,19.0,14.0,Excellent,17.0,52.0,Excellent,6.0,6.0
2024-06-10,Tuyên Quang,31.0,8.3,76.0,76.0,1006.0,88.0,24.0,21.0,Fair,Fair,21.0,6.0,Excellent,8.0,6.0,Excellent,8.0,8.0,Excellent,7.0,20.0
2024-06-10,Tây Ninh,28.0,1.0,78.0,78.0,1008.0,50.0,15.0,27.0,Fair,Fair,27.0,7.0,Excellent,15.0,12.0,Excellent,13.0,40.0,Excellent,7.0,3.0
2024-06-10,Vĩnh Long,28.0,4.9,80.0,80.0,1010.0,20.0,21.0,28.0,Fair,Fair,28.0,8.0,Excellent,17.0,13.0,Excellent,16.0,47.0,Excellent,8.0,8.0
2024-06-10,Vĩnh Phúc,32.0,3.25,74.0,74.0,1003.0,63.0,20.0,70.5,Poor,Poor,70.5,21.0,Fair,29.0,24.0,Excellent,13.0,40.0,Excellent,10.5,10.5
2024-06-10,Yên Bái,30.0,10.2,79.0,79.0,1006.0,76.0,24.0,48.0,Fair,Fair,48.0,14.0,Fair,25.0,20.0,Excellent,16.0,48.0,Excellent,8.0,8.0
2024-06-10,Điện Biên,27.0,5.8,80.0,80.0,1008.0,100.0,24.0,7.0,Excellent,Excellent,7.0,21.0,Excellent,6.0,5.0,Excellent,2.0,157.0,Excellent,1.0,1.0
2024-06-10,Đà Nẵng,33.0,0.9,58.0,58.0,1004.0,45.0,16.0,32.0,Fair,Fair,32.0,9.0,Fair,20.0,60.0,Fair,20.0,15.0,Excellent,6.0,6.0
2024-06-10,Đắk Lắk,30.25,3.342,68.667,68.667,1009.917,69.917,12.083,28.333,Fair,Fair,28.333,7.917,Excellent,16.833,18.417,Excellent,15.5,40.833,Excellent,2.5,1.083
2024-06-10,Đắk Nông,24.75,11.0,87.75,87.75,1011.0,93.0,9.5,27.25,Fair,Fair,27.25,7.25,Excellent,15.0,44.25,Excellent,15.0,11.0,Excellent,4.0,2.0
2024-06-10,Đồng Nai,25.6,23.11,94.0,92.0,1009.5,60.7,13.8,29.5,Fair,Fair,29.5,8.0,Excellent,17.5,12.8,Excellent,14.3,43.2,Excellent,9.7,9.4
2024-06-10,Đồng Tháp,29.0,5.7,74.5,74.5,1010.0,25.0,22.5,28.0,Fair,Fair,28.0,8.0,Excellent,17.0,13.0,Excellent,16.0,47.0,Excellent,6.5,5.5
2024-06-11,An Giang,32.571,1.157,64.286,64.286,1011.571,19.714,23.857,28.429,Fair,Fair,28.429,8.0,Excellent,17.429,13.286,Excellent,12.571,37.714,Excellent,7.571,3.714
2024-06-11,Bà Rịa - Vũng Tàu,30.4,0.14,77.2,77.2,1011.2,34.0,17.8,34.4,Fair,Fair,34.4,10.0,Fair,22.4,17.4,Excellent,16.2,49.2,Excellent,5.0,3.2
2024-06-11,Bình Dương,31.143,0.314,71.857,71.857,1011.0,4.571,23.714,33.143,Fair,Fair,33.143,9.143,Fair,20.0,15.0,Excellent,12.286,36.429,Excellent,10.571,7.0
2024-06-11,Bình Phước,27.8,1.04,80.7,80.7,1011.2,10.9,15.5,29.6,Fair,Fair,29.6,8.2,Excellent,17.4,12.9,Excellent,13.6,40.5,Excellent,7.9,3.7
2024-06-11,Bình Thuận,29.81,0.238,77.286,77.286,1010.762,23.667,22.762,35.571,Fair,Fair,35.571,10.143,Fair,22.667,17.667,Excellent,16.667,49.81,Excellent,5.381,4.667
2024-06-11,Bình Định,31.357,0.0,63.929,63.929,1008.286,5.5,24.0,31.857,Fair,Fair,31.857,9.0,Fair,19.857,40.0,Excellent,19.0,32.5,Excellent,3.0,1.286
2024-06-11,Bạc Liêu,31.0,0.2,69.0,69.0,1011.0,76.0,24.0,32.0,Fair,Fair,32.0,9.0,Fair,21.0,16.0,Excellent,17.0,52.0,Excellent,3.0,2.0
2024-06-11,Bắc Giang,32.0,20.6,75.0,75.0,1005.0,31.0,24.0,41.0,Fair,Fair,41.0,12.0,Fair,25.0,20.0,Fair,24.0,65.0,Fair,21.0,22.0
2024-06-11,Bắc Kạn,30.0,4.2,80.0,80.0,1006.0,91.0,24.0,12.0,Excellent,Excellent,12.0,37.0,Excellent,11.0,8.0,Excellent,10.0,2.0,Excellent,8.0,4.0
2024-06-11,Bắc Ninh,33.0,14.5,70.0,70.0,1003.0,50.0,24.0,42.0,Fair,Fair,42.0,12.0,Fair,26.0,21.0,Fair,25.0,66.0,Fair,21.0,24.0
2024-06-11,Bến Tre,30.0,11.4,73.0,73.0,1011.0,91.0,24.0,32.0,Fair,Fair,32.0,9.0,Fair,20.0,15.0,Excellent,14.0,43.0,Excellent,7.0,3.0
2024-06-11,Cao Bằng,29.0,4.4,82.0,82.0,1007.0,76.0,24.0,10.0,Excellent,Excellent,10.0,30.0,Excellent,6.0,5.0,Excellent,6.0,6.0,Excellent,5.0,2.0
2024-06-11,Cà Mau,31.0,6.6,68.0,68.0,1011.0,50.0,24.0,33.0,Fair,Fair,33.0,9.0,Fair,22.0,17.0,Excellent,17.0,52.0,Excellent,3.0,2.0
2024-06-11,Cần Thơ,31.0,0.9,67.0,67.0,1011.0,10.0,16.0,30.0,Fair,Fair,30.0,8.0,Excellent,19.0,14.0,Excellent,14.0,42.0,Excellent,7.0,7.0
2024-06-11,Gia Lai,28.706,0.724,71.0,71.0,1010.765,20.765,23.941,29.588,Fair,Fair,29.588,8.294,Excellent,16.824,17.118,Excellent,15.588,42.412,Excellent,4.471,2.294
2024-06-11,Hà Giang,28.0,10.9,89.0,89.0,1007.0,30.0,24.0,12.0,Excellent,Excellent,12.0,37.0,Excellent,8.0,4.0,Excellent,8.0,6.0,Excellent,5.0,1.0
2024-06-11,Hà Nam,32.0,1.15,74.0,74.0,1005.0,50.0,24.0,24.0,Fair,Fair,24.0,6.0,Excellent,15.0,28.0,Excellent,14.0,26.0,Excellent,13.0,11.5
2024-06-11,Hà Nội,32.0,14.5,74.0,74.0,1005.0,50.0,24.0,42.0,Fair,Fair,42.0,12.0,Fair,26.0,21.0,Fair,25.0,66.0,Fair,21.0,24.0
2024-06-11,Hà Tĩnh,32.0,0.0,65.0,65.0,1006.0,76.0,24.0,10.0,Excellent,Excellent,10.0,31.0,Excellent,7.0,4.0,Excellent,6.0,4.0,Excellent,5.0,1.0
2024-06-11,Hòa Bình,31.0,11.2,82.0,82.0,1003.0,50.0,24.0,11.0,Excellent,Excellent,11.0,11.0,Excellent,10.0,31.0,Excellent,8.0,4.0,Excellent,5.0,4.0
2024-06-11,Hưng Yên,32.0,0.8,74.0,74.0,1005.0,50.0,24.0,24.0,Fair,Fair,24.0,6.0,Excellent,14.0,7.0,Excellent,14.0,41.0,Excellent,13.0,10.0
2024-06-11,Hải Dương,32.0,20.6,75.0,75.0,1005.0,31.0,24.0,41.0,Fair,Fair,41.0,12.0,Fair,25.0,20.0,Fair,24.0,65.0,Fair,21.0,22.0
2024-06-11,Hải Phòng,30.0,8.9,84.0,84.0,1005.0,50.0,24.0,16.0,Excellent,Excellent,16.0,16.0,Excellent,11.0,33.0,Excellent,11.0,3.0,Excellent,9.0,7.0
2024-06-11,Hậu Giang,31.0,1.425,66.0,66.0,1011.0,27.0,22.0,30.25,Fair,Fair,30.25,8.25,Fair,19.25,14.25,Excellent,15.0,44.5,Excellent,5.25,3.75
2024-06-11,Hồ Chí Minh,33.0,0.1,58.0,58.0,1008.0,30.0,16.0,33.0,Fair,Fair,33.0,10.0,Fair,21.0,16.0,Excellent,13.0,39.0,Excellent,9.0,5.0
2024-06-11,Khánh Hòa,29.167,0.125,74.417,74.417,1009.917,35.917,23.75,37.833,Fair,Fair,37.833,10.833,Fair,24.333,19.333,Excellent,18.667,56.417,Excellent,3.0,1.417
2024-06-11,Kiến Giang,31.571,2.257,71.571,71.571,1011.143,30.143,24.0,28.286,Fair,Fair,28.286,8.0,Excellent,18.429,13.429,Excellent,14.286,43.0,Excellent,5.286,2.714
2024-06-11,Kon Tum,28.0,1.1,71.0,71.0,1012.0,0.0,24.0,29.0,Fair,Fair,29.0,8.0,Excellent,16.0,12.0,Excellent,15.0,45.0,Excellent,4.0,2.0
2024-06-11,Lai Châu,30.0,7.7,76.0,76.0,1009.0,76.0,24.0,7.0,Excellent,Excellent,7.0,5.0,Excellent,5.0,15.0,Excellent,3.0,1.0,Excellent,2.0,146.0
2024-06-11,Long An,32.1,1.39,68.3,68.3,1010.7,19.5,23.6,31.7,Fair,Fair,31.7,9.0,Fair,19.8,14.9,Excellent,12.6,34.7,Excellent,9.1,7.2
2024-06-11,Lào Cai,30.0,0.3,81.0,81.0,1007.0,76.0,24.0,8.0,Excellent,Excellent,8.0,25.0,Excellent,7.0,4.0,Excellent,6.0,4.0,Excellent,3.0,1.0
2024-06-11,Lâm Đồng,24.0,0.683,82.333,82.333,1012.0,31.167,14.5,32.833,Fair,Fair,32.833,9.5,Fair,20.833,16.0,Excellent,16.5,49.5,Excellent,4.167,2.167
2024-06-11,Lạng Sơn,29.0,5.5,82.0,82.0,1006.0,50.0,24.0,19.0,Excellent,Excellent,19.0,19.0,Excellent,13.0,40.0,Excellent,10.0,5.0,Excellent,6.0,4.0
2024-06-11,Nam Định,32.0,0.8,74.0,74.0,1005.0,50.0,24.0,24.0,Fair,Fair,24.0,6.0,Excellent,14.0,7.0,Excellent,14.0,41.0,Excellent,13.0,10.0
2024-06-11,Nghệ An,31.103,2.286,72.69,72.69,1006.448,37.828,24.0,10.655,Excellent,Excellent,10.655,24.862,Excellent,7.931,8.621,Excellent,5.966,3.276,Excellent,3.276,65.138
2024-06-11,Ninh Bình,32.0,0.8,74.0,74.0,1005.0,76.0,24.0,24.0,Fair,Fair,24.0,6.0,Excellent,14.0,7.0,Excellent,14.0,41.0,Excellent,13.0,10.0
2024-06-11,Ninh Thuận,30.2,0.0,73.4,73.4,1009.4,11.2,24.0,38.8,Fair,Fair,38.8,11.0,Fair,25.8,20.8,Excellent,19.0,56.8,Excellent,3.0,1.4
2024-06-11,Phú Thọ,32.0,2.1,76.0,76.0,1003.0,50.0,24.0,32.0,Fair,Fair,32.0,9.0,Fair,20.0,15.0,Excellent,18.0,54.0,Excellent,14.0,7.0
2024-06-11,Phú Yên,29.75,0.0,73.625,73.625,1009.0,16.5,24.0,34.0,Fair,Fair,34.0,9.5,Fair,21.75,16.75,Excellent,18.875,56.5,Excellent,3.0,1.125
2024-06-11,Quảng Bình,31.5,0.0,67.917,67.917,1007.917,41.917,24.0,14.0,Excellent,Excellent,14.0,20.417,Excellent,9.25,17.75,Excellent,7.083,4.75,Excellent,2.5,0.833
2024-06-11,Quảng Nam,31.312,0.994,65.188,65.188,1007.188,11.125,23.0,29.5,Fair,Fair,29.5,8.062,Excellent,17.625,52.812,Excellent,16.812,12.625,Excellent,4.438,4.375
2024-06-11,Quảng Ngãi,32.0,0.0,67.0,67.0,1008.0,11.0,24.0,32.0,Fair,Fair,32.0,9.0,Fair,20.0,59.0,Excellent,18.0,14.0,Excellent,3.0,3.0
2024-06-11,Quảng Ninh,29.6,16.913,81.8,81.8,1005.933,56.667,23.467,14.467,Excellent,Excellent,14.467,22.933,Excellent,10.867,15.533,Excellent,10.467,13.333,Excellent,7.133,4.4
2024-06-11,Quảng Trị,33.0,0.1,62.0,62.0,1008.0,1.0,24.0,8.0,Excellent,Excellent,8.0,24.0,Excellent,7.0,5.0,Excellent,5.0,3.0,Excellent,4.0,1.0
2024-06-11,Sóc Trăng,31.0,0.0,69.0,69.0,1010.0,30.0,24.0,31.0,Fair,Fair,31.0,9.0,Fair,20.0,15.0,Excellent,16.0,47.0,Excellent,6.0,6.0
2024-06-11,Sơn La,27.0,5.3,69.0,69.0,1008.0,50.0,24.0,7.0,Excellent,Excellent,7.0,21.0,Excellent,6.0,5.0,Excellent,5.0,3.0,Excellent,1.0,140.0
2024-06-11,Thanh Hóa,32.0,0.0,71.0,71.0,1005.0,50.0,24.0,22.0,Fair,Fair,22.0,6.0,Excellent,14.0,43.0,Excellent,12.0,6.0,Excellent,12.0,9.0
2024-06-11,Thái Bình,32.0,0.8,74.0,74.0,1005.0,76.0,24.0,24.0,Fair,Fair,24.0,6.0,Excellent,14.0,7.0,Excellent,14.0,41.0,Excellent,13.0,10.0
2024-06-11,Thái Nguyên,32.0,3.3,77.0,77.0,1003.0,76.0,24.0,48.0,Fair,Fair,48.0,14.0,Fair,29.0,24.0,Fair,26.0,68.0,Excellent,15.0,7.0
2024-06-11,Thừa Thiên-Huế,31.143,0.529,69.714,69.714,1007.143,21.429,24.0,12.429,Excellent,Excellent,12.429,37.143,Excellent,9.857,7.429,Excellent,9.0,2.714,Excellent,7.143,4.143
2024-06-11,Tiền Giang,30.571,4.029,73.143,73.143,1008.857,52.857,22.714,31.857,Fair,Fair,31.857,8.714,Fair,20.143,15.143,Excellent,14.143,43.0,Excellent,6.571,3.286
2024-06-11,Trà Vinh,30.0,0.4,75.0,75.0,1011.0,20.0,23.0,31.0,Fair,Fair,31.0,9.0,Fair,20.0,15.0,Excellent,15.0,46.0,Excellent,7.0,7.0
2024-06-11,Tuyên Quang,31.0,3.4,79.0,79.0,1006.0,76.0,24.0,35.0,Fair,Fair,35.0,10.0,Fair,23.0,18.0,Excellent,17.0,50.0,Excellent,12.0,6.0
2024-06-11,Tây Ninh,32.0,0.8,67.0,67.0,1008.0,12.0,24.0,30.0,Fair,Fair,30.0,8.0,Excellent,18.0,13.0,Excellent,12.0,35.0,Excellent,10.0,5.0
2024-06-11,Vĩnh Long,32.0,0.9,66.0,66.0,1011.0,50.0,24.0,30.0,Fair,Fair,30.0,8.0,Excellent,19.0,14.0,Excellent,13.0,40.0,Excellent,7.0,4.0
2024-06-11,Vĩnh Phúc,31.5,1.05,79.5,79.5,1003.0,47.5,20.0,39.0,Fair,Fair,39.0,11.5,Fair,24.0,19.0,Excellent,19.0,57.0,Excellent,17.0,13.5
2024-06-11,Yên Bái,30.0,4.1,84.0,84.0,1006.0,76.0,24.0,42.0,Fair,Fair,42.0,12.0,Fair,30.0,25.0,Fair,23.0,63.0,Excellent,9.0,5.0
2024-06-11,Điện Biên,27.0,1.4,80.0,80.0,1009.0,91.0,24.0,8.0,Excellent,Excellent,8.0,23.0,Excellent,8.0,6.0,Excellent,4.0,1.0,Excellent,3.0,2.0
2024-06-11,Đà Nẵng,31.0,0.6,74.0,74.0,1006.0,30.0,16.0,30.0,Fair,Fair,30.0,8.0,Excellent,18.0,54.0,Excellent,17.0,13.0,Excellent,6.0,6.0
2024-06-11,Đắk Lắk,27.75,0.108,75.583,75.583,1011.0,14.5,21.583,29.333,Fair,Fair,29.333,8.167,Excellent,17.583,18.25,Excellent,15.667,41.583,Excellent,4.167,2.0
2024-06-11,Đắk Nông,24.25,0.775,91.0,91.0,1012.0,18.25,20.5,29.25,Fair,Fair,29.25,8.0,Excellent,17.25,12.5,Excellent,15.0,44.5,Excellent,5.25,3.0
2024-06-11,Đồng Nai,29.1,0.53,78.4,78.4,1011.0,23.6,22.7,34.4,Fair,Fair,34.4,9.8,Fair,21.4,16.4,Excellent,14.0,41.3,Excellent,10.8,9.9
2024-06-11,Đồng Tháp,31.5,0.95,68.5,68.5,1011.0,15.0,24.0,29.5,Fair,Fair,29.5,8.0,Excellent,18.5,14.0,Excellent,13.0,39.5,Excellent,7.0,4.0
2024-06-12,An Giang,31.571,2.229,69.714,69.714,1012.0,86.0,24.0,27.571,Fair,Fair,27.571,7.714,Excellent,18.429,13.714,Excellent,15.0,45.286,Excellent,6.429,3.286
2024-06-12,Bà Rịa - Vũng Tàu,31.4,0.08,71.8,71.8,1012.0,8.0,24.0,31.0,Fair,Fair,31.0,8.4,Fair,21.8,16.8,Excellent,17.8,53.8,Excellent,4.8,4.6
2024-06-12,Bình Dương,32.0,1.2,68.857,68.857,1011.429,16.286,24.0,28.429,Fair,Fair,28.429,7.857,Excellent,19.0,14.143,Excellent,15.0,44.857,Excellent,7.857,5.714
2024-06-12,Bình Phước,30.3,1.48,68.8,68.8,1012.1,19.4,24.0,27.6,Fair,Fair,27.6,7.6,Excellent,17.9,20.9,Excellent,16.2,41.0,Excellent,5.0,2.7
2024-06-12,Bình Thuận,33.476,0.171,57.619,57.619,1011.429,12.048,24.0,33.952,Fair,Fair,33.952,9.619,Fair,23.095,18.095,Excellent,18.81,56.524,Excellent,4.619,3.619
2024-06-12,Bình Định,32.786,0.0,59.214,59.214,1009.143,3.857,24.0,34.071,Fair,Fair,34.071,9.714,Fair,24.071,65.714,Fair,21.143,16.143,Excellent,2.0,1.0
2024-06-12,Bạc Liêu,33.0,0.9,60.0,60.0,1012.0,11.0,24.0,31.0,Fair,Fair,31.0,9.0,Fair,22.0,17.0,Excellent,18.0,55.0,Excellent,2.0,1.0
2024-06-12,Bắc Giang,35.0,0.0,64.0,64.0,1005.0,30.0,24.0,27.0,Fair,Fair,27.0,70.0,Fair,24.0,6.0,Fair,23.0,18.0,Excellent,16.0,16.0
2024-06-12,Bắc Kạn,32.0,1.2,73.0,73.0,1006.0,30.0,24.0,26.0,Fair,Fair,26.0,7.0,Fair,20.0,15.0,Excellent,17.0,52.0,Excellent,9.0,4.0
2024-06-12,Bắc Ninh,35.0,0.5,61.0,61.0,1005.0,50.0,24.0,29.0,Fair,Fair,29.0,72.0,Fair,25.0,20.0,Fair,22.0,6.0,Excellent,14.0,14.0
2024-06-12,Bến Tre,31.0,2.2,75.0,75.0,1012.0,30.0,24.0,29.0,Fair,Fair,29.0,8.0,Fair,20.0,15.0,Excellent,16.0,49.0,Excellent,6.0,6.0
2024-06-12,Cao Bằng,32.0,0.4,76.0,76.0,1006.0,10.0,24.0,13.0,Excellent,Excellent,13.0,39.0,Excellent,6.0,3.0,Excellent,5.0,4.0,Excellent,5.0,1.0
2024-06-12,Cà Mau,32.0,0.0,60.0,60.0,1012.0,10.0,24.0,31.0,Fair,Fair,31.0,9.0,Fair,22.0,17.0,Excellent,18.0,55.0,Excellent,2.0,1.0
2024-06-12,Cần Thơ,31.0,3.1,69.0,69.0,1012.0,23.0,16.0,29.0,Fair,Fair,29.0,8.0,Fair,20.0,15.0,Excellent,16.0,48.0,Excellent,7.0,7.0
2024-06-12,Gia Lai,30.765,0.912,62.471,62.471,1011.529,8.941,23.706,28.824,Fair,Fair,28.824,7.941,Excellent,18.706,55.882,Excellent,16.765,12.706,Excellent,2.0,1.0
2024-06-12,Hà Giang,31.0,3.1,82.0,82.0,1007.0,50.0,24.0,13.0,Excellent,Excellent,13.0,39.0,Excellent,10.0,7.0,Excellent,9.0,2.0,Excellent,7.0,4.0
2024-06-12,Hà Nam,34.5,0.0,64.0,64.0,1005.0,7.5,24.0,19.5,Fair,Fair,19.5,5.0,Excellent,17.0,51.0,Excellent,15.5,11.5,Excellent,10.5,7.5
2024-06-12,Hà Nội,35.0,0.5,61.0,61.0,1002.0,50.0,24.0,29.0,Fair,Fair,29.0,72.0,Fair,25.0,20.0,Fair,22.0,6.0,Excellent,14.0,14.0
2024-06-12,Hà Tĩnh,35.0,0.0,58.0,58.0,1007.0,76.0,24.0,16.0,Excellent,Excellent,16.0,4.0,Excellent,12.0,37.0,Excellent,12.0,9.0,Excellent,9.0,5.0
2024-06-12,Hòa Bình,35.0,1.0,66.0,66.0,1006.0,76.0,24.0,10.0,Excellent,Excellent,10.0,30.0,Excellent,8.0,6.0,Excellent,5.0,3.0,Excellent,5.0,5.0
2024-06-12,Hưng Yên,34.0,0.0,65.0,65.0,1005.0,11.0,24.0,23.0,Fair,Fair,23.0,6.0,Excellent,19.0,57.0,Excellent,16.0,12.0,Excellent,12.0,6.0
2024-06-12,Hải Dương,35.0,0.0,64.0,64.0,1002.0,31.0,24.0,27.0,Fair,Fair,27.0,70.0,Fair,24.0,6.0,Fair,23.0,18.0,Excellent,16.0,16.0
2024-06-12,Hải Phòng,32.0,0.2,78.0,78.0,1005.0,30.0,24.0,23.0,Fair,Fair,23.0,6.0,Fair,22.0,63.0,Excellent,18.0,13.0,Excellent,16.0,16.0
2024-06-12,Hậu Giang,31.5,0.775,65.75,65.75,1012.0,13.75,22.0,29.75,Fair,Fair,29.75,8.0,Fair,20.25,15.25,Excellent,16.25,49.5,Excellent,5.0,4.75
2024-06-12,Hồ Chí Minh,35.0,1.1,52.0,52.0,1008.0,35.0,16.0,29.0,Fair,Fair,29.0,8.0,Fair,20.0,15.0,Excellent,15.0,46.0,Excellent,8.0,8.0
2024-06-12,Khánh Hòa,31.25,0.2,67.167,67.167,1010.667,8.0,24.0,37.667,Fair,Fair,37.667,10.833,Fair,25.167,27.75,Fair,22.417,55.75,Excellent,2.833,1.667
2024-06-12,Kiến Giang,31.571,1.271,71.571,71.571,1012.143,28.857,24.0,28.857,Fair,Fair,28.857,8.0,Fair,20.0,15.0,Excellent,16.0,47.857,Excellent,4.286,2.0
2024-06-12,Kon Tum,30.0,0.7,68.0,68.0,1012.0,11.0,24.0,27.0,Fair,Fair,27.0,7.0,Excellent,18.0,54.0,Excellent,15.0,11.0,Excellent,2.0,1.0
2024-06-12,Lai Châu,29.0,4.4,82.0,82.0,1010.0,90.0,24.0,7.0,Excellent,Excellent,7.0,5.0,Excellent,6.0,19.0,Excellent,3.0,1.0,Excellent,2.0,0.0
2024-06-12,Long An,32.1,0.66,65.8,65.8,1008.8,20.0,24.0,28.4,Fair,Fair,28.4,7.8,Excellent,18.9,14.4,Excellent,15.4,45.6,Excellent,7.1,4.6
2024-06-12,Lào Cai,32.0,0.5,66.0,66.0,1008.0,31.0,24.0,10.0,Excellent,Excellent,10.0,29.0,Excellent,5.0,3.0,Excellent,4.0,3.0,Excellent,4.0,1.0
2024-06-12,Lâm Đồng,26.333,0.5,72.5,72.5,1013.167,19.667,24.0,33.0,Fair,Fair,33.0,9.5,Fair,21.5,16.5,Excellent,18.667,55.5,Excellent,3.667,2.0
2024-06-12,Lạng Sơn,32.0,1.2,71.0,71.0,1006.0,50.0,24.0,34.0,Fair,Fair,34.0,10.0,Fair,26.0,21.0,Fair,21.0,61.0,Excellent,19.0,19.0
2024-06-12,Nam Định,34.0,0.0,65.0,65.0,1005.0,11.0,24.0,23.0,Fair,Fair,23.0,6.0,Excellent,19.0,57.0,Excellent,16.0,12.0,Excellent,12.0,6.0
2024-06-12,Nghệ An,33.552,0.355,59.552,59.552,1007.379,13.586,24.0,12.069,Excellent,Excellent,12.069,24.69,Excellent,8.172,8.172,Excellent,5.207,6.0,Excellent,3.483,19.138
2024-06-12,Ninh Bình,34.0,0.0,65.0,65.0,1005.0,11.0,24.0,23.0,Fair,Fair,23.0,6.0,Excellent,19.0,57.0,Excellent,16.0,12.0,Excellent,12.0,6.0
2024-06-12,Ninh Thuận,32.2,0.24,68.6,68.6,1010.2,22.6,24.0,37.2,Fair,Fair,37.2,10.8,Fair,25.4,20.4,Fair,22.0,62.8,Excellent,3.8,3.4
2024-06-12,Phú Thọ,35.0,0.5,60.0,60.0,1002.0,11.0,24.0,18.0,Excellent,Excellent,18.0,54.0,Excellent,16.0,4.0,Excellent,13.0,10.0,Excellent,8.0,4.0
2024-06-12,Phú Yên,33.0,0.112,60.5,60.5,1010.125,5.125,24.0,34.75,Fair,Fair,34.75,10.125,Fair,23.625,64.625,Fair,22.375,17.375,Excellent,2.0,1.0
2024-06-12,Quảng Bình,33.75,0.0,57.333,57.333,1008.333,74.667,24.0,17.5,Excellent,Excellent,17.5,23.917,Excellent,9.833,6.833,Excellent,7.833,16.75,Excellent,3.167,1.083
2024-06-12,Quảng Nam,32.5,0.0,61.0,61.0,1006.25,14.438,23.0,29.0,Fair,Fair,29.0,8.062,Fair,20.0,59.438,Excellent,16.875,12.875,Excellent,2.438,1.875
2024-06-12,Quảng Ngãi,34.0,0.0,61.0,61.0,1009.0,0.0,24.0,33.0,Fair,Fair,33.0,9.0,Fair,24.0,66.0,Excellent,19.0,15.0,Excellent,2.0,1.0
2024-06-12,Quảng Ninh,31.333,3.3,74.8,74.8,1005.533,50.067,23.333,18.8,Excellent,Excellent,18.8,19.933,Excellent,17.0,29.8,Excellent,15.533,19.0,Excellent,13.133,11.067
2024-06-12,Quảng Trị,35.0,0.0,52.0,52.0,1009.0,39.0,24.0,10.0,Excellent,Excellent,10.0,29.0,Excellent,5.0,3.0,Excellent,5.0,4.0,Excellent,4.0,1.0
2024-06-12,Sóc Trăng,31.0,0.0,67.0,67.0,1012.0,2.0,24.0,30.0,Fair,Fair,30.0,8.0,Fair,21.0,16.0,Excellent,17.0,52.0,Excellent,5.0,5.0
2024-06-12,Sơn La,29.0,3.6,65.0,65.0,1009.0,76.0,24.0,8.0,Excellent,Excellent,8.0,25.0,Excellent,6.0,5.0,Excellent,4.0,2.0,Excellent,1.0,0.0
2024-06-12,Thanh Hóa,35.0,0.0,56.0,56.0,1005.0,10.0,24.0,16.0,Excellent,Excellent,16.0,4.0,Excellent,15.0,45.0,Excellent,13.0,10.0,Excellent,10.0,5.0
2024-06-12,Thái Bình,34.0,0.0,64.0,64.0,1005.0,21.0,24.0,23.0,Fair,Fair,23.0,6.0,Excellent,19.0,57.0,Excellent,16.0,12.0,Excellent,12.0,6.0
2024-06-12,Thái Nguyên,35.0,1.0,65.0,65.0,1002.0,11.0,24.0,25.0,Fair,Fair,25.0,7.0,Fair,24.0,66.0,Fair,23.0,18.0,Excellent,9.0,9.0
2024-06-12,Thừa Thiên-Huế,33.714,0.0,60.143,60.143,1007.143,38.714,24.0,11.857,Excellent,Excellent,11.857,33.286,Excellent,11.143,8.286,Excellent,8.571,5.571,Excellent,5.286,2.286
2024-06-12,Tiền Giang,30.714,1.014,74.857,74.857,1009.143,18.143,24.0,29.429,Fair,Fair,29.429,8.0,Fair,20.143,15.429,Excellent,16.429,49.286,Excellent,6.286,6.286
2024-06-12,Trà Vinh,30.0,0.0,76.0,76.0,1012.0,1.0,24.0,30.0,Fair,Fair,30.0,8.0,Fair,21.0,16.0,Excellent,17.0,51.0,Excellent,6.0,6.0
2024-06-12,Tuyên Quang,33.0,0.5,71.0,71.0,1006.0,30.0,24.0,17.0,Excellent,Excellent,17.0,4.0,Excellent,15.0,45.0,Excellent,13.0,10.0,Excellent,6.0,3.0
2024-06-12,Tây Ninh,32.0,0.0,66.0,66.0,1008.0,10.0,24.0,27.0,Fair,Fair,27.0,7.0,Excellent,17.0,13.0,Excellent,15.0,44.0,Excellent,7.0,4.0
2024-06-12,Vĩnh Long,30.0,0.9,75.0,75.0,1012.0,6.0,24.0,29.0,Fair,Fair,29.0,8.0,Excellent,19.0,15.0,Excellent,16.0,47.0,Excellent,7.0,7.0
2024-06-12,Vĩnh Phúc,35.0,0.25,58.0,58.0,1002.0,19.0,20.0,20.0,Fair,Fair,20.0,58.5,Excellent,18.5,10.0,Excellent,15.0,7.0,Excellent,9.5,7.5
2024-06-12,Yên Bái,34.0,0.5,66.0,66.0,1006.0,31.0,24.0,22.0,Fair,Fair,22.0,6.0,Excellent,19.0,57.0,Excellent,17.0,13.0,Excellent,7.0,4.0
2024-06-12,Điện Biên,28.0,4.6,76.0,76.0,1010.0,30.0,24.0,8.0,Excellent,Excellent,8.0,25.0,Excellent,8.0,6.0,Excellent,4.0,1.0,Excellent,3.0,2.0
2024-06-12,Đà Nẵng,33.0,0.0,58.0,58.0,1006.0,30.0,16.0,29.0,Fair,Fair,29.0,8.0,Fair,20.0,60.0,Excellent,17.0,13.0,Excellent,3.0,3.0
2024-06-12,Đắk Lắk,29.833,0.767,67.0,67.0,1012.083,13.083,24.0,28.917,Fair,Fair,28.917,8.083,Excellent,18.25,51.0,Excellent,17.0,16.333,Excellent,2.75,1.5
2024-06-12,Đắk Nông,27.25,1.575,77.5,77.5,1013.0,20.5,24.0,29.25,Fair,Fair,29.25,8.0,Excellent,18.25,13.5,Excellent,17.0,51.25,Excellent,4.0,2.0
2024-06-12,Đồng Nai,31.8,0.73,67.3,67.3,1009.2,14.1,24.0,30.8,Fair,Fair,30.8,8.8,Fair,20.7,15.7,Excellent,16.2,47.6,Excellent,8.8,8.2
2024-06-12,Đồng Tháp,30.5,0.45,74.5,74.5,1012.0,43.0,24.0,28.5,Fair,Fair,28.5,8.0,Excellent,19.0,14.5,Excellent,15.5,46.5,Excellent,6.5,5.0
2024-06-13,An Giang,33.143,0.314,60.143,60.143,1009.143,19.0,24.0,27.571,Fair,Fair,27.571,7.571,Excellent,17.429,13.0,Excellent,14.571,43.143,Excellent,6.571,3.429
2024-06-13,Bà Rịa - Vũng Tàu,32.2,0.18,70.0,70.0,1007.6,8.6,23.8,32.0,Fair,Fair,32.0,9.0,Fair,21.4,16.4,Excellent,17.4,51.4,Excellent,4.0,3.6
2024-06-13,Bình Dương,34.857,5.171,53.286,53.286,1006.0,9.286,24.0,32.0,Fair,Fair,32.0,8.857,Fair,20.143,15.143,Excellent,14.286,43.143,Excellent,7.571,5.429
2024-06-13,Bình Phước,31.7,2.38,67.9,67.9,1009.9,7.8,24.0,31.6,Fair,Fair,31.6,9.0,Excellent,19.0,14.6,Excellent,15.3,46.0,Excellent,5.3,2.7
2024-06-13,Bình Thuận,33.81,0.61,60.0,60.0,1009.524,6.429,23.714,37.333,Fair,Fair,37.333,10.857,Fair,23.667,18.667,Excellent,18.905,56.0,Excellent,3.952,1.905
2024-06-13,Bình Định,34.214,0.15,57.0,57.0,1007.714,8.0,24.0,36.143,Fair,Fair,36.143,10.429,Fair,25.214,66.857,Fair,21.857,16.857,Excellent,2.0,23.429
2024-06-13,Bạc Liêu,34.0,0.0,58.0,58.0,1010.0,1.0,24.0,28.0,Fair,Fair,28.0,8.0,Fair,20.0,15.0,Excellent,17.0,50.0,Excellent,2.0,1.0
2024-06-13,Bắc Giang,38.0,0.0,48.0,48.0,999.0,76.0,24.0,23.0,Fair,Fair,23.0,64.0,Excellent,18.0,5.0,Excellent,17.0,13.0,Excellent,12.0,12.0
2024-06-13,Bắc Kạn,35.0,0.0,65.0,65.0,1003.0,11.0,24.0,30.0,Fair,Fair,30.0,9.0,Fair,24.0,19.0,Excellent,17.0,52.0,Excellent,6.0,3.0
2024-06-13,Bắc Ninh,38.0,0.0,47.0,47.0,999.0,76.0,24.0,28.0,Fair,Fair,28.0,8.0,Fair,22.0,63.0,Fair,20.0,15.0,Excellent,9.0,9.0
2024-06-13,Bến Tre,34.0,14.1,60.0,60.0,1006.0,10.0,24.0,30.0,Fair,Fair,30.0,8.0,Excellent,19.0,14.0,Excellent,16.0,47.0,Excellent,7.0,7.0
2024-06-13,Cao Bằng,34.0,0.0,61.0,61.0,1004.0,10.0,24.0,14.0,Excellent,Excellent,14.0,42.0,Excellent,8.0,6.0,Excellent,8.0,2.0,Excellent,6.0,3.0
2024-06-13,Cà Mau,32.0,8.1,62.0,62.0,1010.0,10.0,24.0,28.0,Fair,Fair,28.0,8.0,Fair,20.0,15.0,Excellent,17.0,51.0,Excellent,2.0,1.0
2024-06-13,Cần Thơ,34.0,2.8,65.0,65.0,1010.0,30.0,24.0,28.0,Fair,Fair,28.0,8.0,Excellent,18.0,14.0,Excellent,15.0,46.0,Excellent,8.0,8.0
2024-06-13,Gia Lai,32.0,4.635,59.412,59.412,1010.118,15.294,24.0,33.059,Fair,Fair,33.059,9.412,Excellent,19.0,45.412,Excellent,18.588,24.353,Excellent,2.412,1.235
2024-06-13,Hà Giang,32.0,1.0,77.0,77.0,1004.0,50.0,24.0,13.0,Excellent,Excellent,13.0,38.0,Excellent,9.0,6.0,Excellent,8.0,2.0,Excellent,7.0,3.0
2024-06-13,Hà Nam,38.5,0.0,46.0,46.0,1002.5,5.0,24.0,15.5,Excellent,Excellent,15.5,46.0,Excellent,12.5,5.5,Excellent,10.5,5.5,Excellent,8.5,6.0
2024-06-13,Hà Nội,38.0,0.0,47.0,47.0,999.0,76.0,24.0,28.0,Fair,Fair,28.0,8.0,Fair,22.0,63.0,Fair,20.0,15.0,Excellent,9.0,9.0
2024-06-13,Hà Tĩnh,37.0,0.0,48.0,48.0,1005.0,11.0,24.0,13.0,Excellent,Excellent,13.0,39.0,Excellent,9.0,2.0,Excellent,8.0,4.0,Excellent,8.0,6.0
2024-06-13,Hòa Bình,38.0,0.0,50.0,50.0,1003.0,1.0,24.0,9.0,Excellent,Excellent,9.0,28.0,Excellent,9.0,6.0,Excellent,5.0,2.0,Excellent,4.0,1.0
2024-06-13,Hưng Yên,39.0,0.0,46.0,46.0,1002.0,10.0,24.0,17.0,Excellent,Excellent,17.0,51.0,Excellent,15.0,4.0,Excellent,11.0,9.0,Excellent,10.0,5.0
2024-06-13,Hải Dương,37.0,0.0,50.0,50.0,1002.0,76.0,24.0,23.0,Fair,Fair,23.0,64.0,Excellent,18.0,5.0,Excellent,17.0,13.0,Excellent,12.0,12.0
2024-06-13,Hải Phòng,36.0,0.0,54.0,54.0,1002.0,1.0,24.0,17.0,Excellent,Excellent,17.0,52.0,Excellent,16.0,4.0,Excellent,14.0,11.0,Excellent,14.0,14.0
2024-06-13,Hậu Giang,34.0,0.7,61.75,61.75,1010.0,12.5,24.0,28.0,Fair,Fair,28.0,8.0,Excellent,18.25,14.0,Excellent,15.75,47.0,Excellent,6.0,6.0
2024-06-13,Hồ Chí Minh,35.0,0.2,52.0,52.0,1006.0,35.0,16.0,32.0,Fair,Fair,32.0,9.0,Fair,20.0,15.0,Excellent,15.0,45.0,Excellent,7.0,3.0
2024-06-13,Khánh Hòa,31.083,1.792,68.417,68.417,1009.0,10.5,22.25,40.083,Fair,Fair,40.083,11.833,Fair,26.417,29.25,Fair,24.417,58.25,Excellent,2.25,87.25
2024-06-13,Kiến Giang,32.429,0.957,69.714,69.714,1010.714,5.857,24.0,27.143,Fair,Fair,27.143,7.143,Excellent,17.857,13.571,Excellent,15.571,45.571,Excellent,4.286,2.286
2024-06-13,Kon Tum,31.0,2.8,64.0,64.0,1011.0,11.0,24.0,32.0,Fair,Fair,32.0,9.0,Excellent,18.0,53.0,Excellent,17.0,13.0,Excellent,2.0,1.0
2024-06-13,Lai Châu,31.0,2.6,76.0,76.0,1007.0,30.0,24.0,6.0,Excellent,Excellent,6.0,18.0,Excellent,6.0,5.0,Excellent,3.0,1.0,Excellent,1.0,0.0
2024-06-13,Long An,33.9,4.83,58.2,58.2,1009.2,8.5,23.8,30.4,Fair,Fair,30.4,8.7,Fair,19.2,14.7,Excellent,14.6,44.1,Excellent,7.0,4.7
2024-06-13,Lào Cai,34.0,1.6,59.0,59.0,1005.0,30.0,24.0,10.0,Excellent,Excellent,10.0,28.0,Excellent,5.0,2.0,Excellent,5.0,4.0,Excellent,4.0,1.0
2024-06-13,Lâm Đồng,25.667,2.783,79.333,79.333,1011.5,20.167,17.833,37.0,Fair,Fair,37.0,10.667,Fair,23.0,18.0,Excellent,18.667,56.167,Excellent,3.333,1.333
2024-06-13,Lạng Sơn,34.0,0.7,63.0,63.0,1003.0,11.0,24.0,33.0,Fair,Fair,33.0,9.0,Fair,26.0,21.0,Fair,22.0,62.0,Excellent,16.0,16.0
2024-06-13,Nam Định,38.0,0.0,48.0,48.0,1002.0,11.0,24.0,17.0,Excellent,Excellent,17.0,51.0,Excellent,15.0,4.0,Excellent,11.0,9.0,Excellent,10.0,5.0
2024-06-13,Nghệ An,36.138,0.0,49.172,49.172,1005.172,18.241,24.0,10.517,Excellent,Excellent,10.517,19.793,Excellent,6.966,11.793,Excellent,4.931,3.034,Excellent,2.345,10.966
2024-06-13,Ninh Bình,38.0,0.0,48.0,48.0,1002.0,11.0,24.0,17.0,Excellent,Excellent,17.0,51.0,Excellent,15.0,4.0,Excellent,11.0,9.0,Excellent,10.0,5.0
2024-06-13,Ninh Thuận,32.3,4.72,69.9,69.9,1008.9,13.8,21.2,41.8,Fair,Fair,41.8,12.0,Fair,27.8,22.8,Fair,24.0,65.6,Excellent,3.0,3.0
2024-06-13,Phú Thọ,37.0,0.0,49.0,49.0,1003.0,0.0,24.0,20.0,Fair,Fair,20.0,59.0,Excellent,17.0,4.0,Excellent,16.0,12.0,Excellent,8.0,4.0
2024-06-13,Phú Yên,33.5,0.125,62.75,62.75,1008.125,10.0,23.875,37.5,Fair,Fair,37.5,11.125,Fair,25.875,67.25,Fair,23.75,18.75,Excellent,2.0,156.125
2024-06-13,Quảng Bình,36.417,0.0,47.5,47.5,1005.917,16.5,24.0,16.917,Excellent,Excellent,16.917,23.0,Excellent,9.167,6.417,Excellent,8.5,19.5,Excellent,2.083,0.833
2024-06-13,Quảng Nam,34.562,0.062,54.125,54.125,1006.625,6.812,23.0,33.062,Fair,Fair,33.062,9.688,Fair,21.938,62.562,Fair,19.625,14.75,Excellent,2.312,90.5
2024-06-13,Quảng Ngãi,35.0,0.0,58.0,58.0,1007.0,11.0,24.0,35.0,Fair,Fair,35.0,10.0,Fair,25.0,66.0,Fair,21.0,16.0,Excellent,3.0,3.0
2024-06-13,Quảng Ninh,33.933,0.28,63.4,63.4,1003.0,40.8,23.467,17.733,Excellent,Excellent,17.733,39.4,Excellent,15.533,21.267,Excellent,14.333,8.8,Excellent,12.333,10.067
2024-06-13,Quảng Trị,38.0,0.0,41.0,41.0,1007.0,10.0,24.0,10.0,Excellent,Excellent,10.0,31.0,Excellent,6.0,4.0,Excellent,5.0,3.0,Excellent,4.0,1.0
2024-06-13,Sóc Trăng,32.0,7.0,65.0,65.0,1010.0,50.0,24.0,29.0,Fair,Fair,29.0,8.0,Excellent,19.0,14.0,Excellent,16.0,48.0,Excellent,6.0,6.0
2024-06-13,Sơn La,32.0,2.0,53.0,53.0,1007.0,10.0,24.0,8.0,Excellent,Excellent,8.0,24.0,Excellent,6.0,5.0,Excellent,4.0,2.0,Excellent,3.0,1.0
2024-06-13,Thanh Hóa,39.0,0.0,45.0,45.0,1003.0,43.0,24.0,13.0,Excellent,Excellent,13.0,40.0,Excellent,12.0,3.0,Excellent,10.0,7.0,Excellent,9.0,4.0
2024-06-13,Thái Bình,38.0,0.0,48.0,48.0,1002.0,11.0,24.0,17.0,Excellent,Excellent,17.0,51.0,Excellent,15.0,4.0,Excellent,11.0,9.0,Excellent,10.0,5.0
2024-06-13,Thái Nguyên,37.0,0.0,54.0,54.0,1002.0,0.0,24.0,31.0,Fair,Fair,31.0,75.0,Fair,25.0,20.0,Fair,22.0,6.0,Excellent,6.0,3.0
2024-06-13,Thừa Thiên-Huế,36.429,0.286,49.0,49.0,1004.857,18.857,24.0,14.286,Excellent,Excellent,14.286,13.714,Excellent,12.143,30.714,Excellent,9.143,5.571,Excellent,5.571,2.429
2024-06-13,Tiền Giang,32.714,7.8,67.0,67.0,1007.143,4.286,24.0,30.143,Fair,Fair,30.143,8.429,Fair,19.143,14.429,Excellent,15.714,47.286,Excellent,6.857,6.857
2024-06-13,Trà Vinh,33.0,3.2,61.0,61.0,1010.0,10.0,24.0,29.0,Fair,Fair,29.0,8.0,Excellent,19.0,14.0,Excellent,16.0,48.0,Excellent,7.0,7.0
2024-06-13,Tuyên Quang,34.0,0.0,63.0,63.0,1003.0,0.0,24.0,19.0,Excellent,Excellent,19.0,5.0,Excellent,17.0,13.0,Excellent,16.0,47.0,Excellent,5.0,2.0
2024-06-13,Tây Ninh,36.0,0.0,49.0,49.0,1006.0,3.0,24.0,30.0,Fair,Fair,30.0,8.0,Excellent,19.0,14.0,Excellent,14.0,42.0,Excellent,7.0,4.0
2024-06-13,Vĩnh Long,33.0,3.0,62.0,62.0,1010.0,2.0,24.0,29.0,Fair,Fair,29.0,8.0,Excellent,18.0,14.0,Excellent,15.0,45.0,Excellent,8.0,8.0
2024-06-13,Vĩnh Phúc,37.0,0.0,47.5,47.5,1000.5,0.0,20.0,20.0,Fair,Fair,20.0,59.5,Excellent,15.0,3.5,Excellent,14.0,10.5,Excellent,8.0,4.0
2024-06-13,Yên Bái,36.0,0.0,56.0,56.0,1003.0,5.0,24.0,19.0,Excellent,Excellent,19.0,56.0,Excellent,17.0,4.0,Excellent,15.0,11.0,Excellent,6.0,3.0
2024-06-13,Điện Biên,29.0,2.3,72.0,72.0,1008.0,31.0,24.0,6.0,Excellent,Excellent,6.0,18.0,Excellent,6.0,5.0,Excellent,2.0,1.0,Excellent,1.0,110.0
2024-06-13,Đà Nẵng,35.0,0.0,59.0,59.0,1003.0,35.0,16.0,34.0,Fair,Fair,34.0,10.0,Fair,23.0,65.0,Fair,20.0,15.0,Excellent,3.0,3.0
2024-06-13,Đắk Lắk,31.5,4.392,63.083,63.083,1010.75,13.333,23.25,34.167,Fair,Fair,34.167,9.917,Fair,20.667,19.5,Excellent,18.417,50.917,Excellent,2.583,13.75
2024-06-13,Đắk Nông,28.25,7.2,74.0,74.0,1011.75,8.75,24.0,33.25,Fair,Fair,33.25,9.5,Fair,20.25,15.25,Excellent,17.0,50.5,Excellent,4.0,2.0
2024-06-13,Đồng Nai,32.7,10.47,60.8,60.8,1009.3,5.6,24.0,33.9,Fair,Fair,33.9,9.8,Fair,21.0,16.0,Excellent,15.4,46.6,Excellent,7.3,6.5
2024-06-13,Đồng Tháp,34.0,2.05,61.0,61.0,1010.0,16.5,24.0,28.5,Fair,Fair,28.5,8.0,Excellent,18.0,13.5,Excellent,15.0,44.5,Excellent,7.0,5.5
